身份证, 平方根, 省/市代码, 出生日期, 性别, 校验码
	110101370126400 , 10492920.00 , [110101]北京-东城区 , 1937-01-26 , 女 , -1
	110101391112241 , 10492921.00 , [110101]北京-东城区 , 1939-11-12 , 男 , -1
	110101810829481 , 10492941.00 , [110101]北京-东城区 , 1981-08-29 , 男 , -1
	110102440406841 , 10492971.00 , [110102]北京-西城区 , 1944-04-06 , 男 , -1
	110102860126081 , 10492991.00 , [110102]北京-西城区 , 1986-01-26 , 男 , -1
	110102881112064 , 10492992.00 , [110102]北京-西城区 , 1988-11-12 , 女 , -1
	110103930413764 , 10493042.00 , [110103]北京-崇文区 , 1993-04-13 , 女 , -1
	110104371121969 , 10493063.00 , [110104]北京-宣武区 , 1937-11-21 , 男 , -1
	110105000706649 , 10493093.00 , [110105]北京-朝阳区 , 1900-07-06 , 男 , -1
	110105420430769 , 10493113.00 , [110105]北京-朝阳区 , 1942-04-30 , 男 , -1
	110106071004736 , 10493144.00 , [110106]北京-丰台区 , 1907-10-04 , 女 , -1
	110106490730896 , 10493164.00 , [110106]北京-丰台区 , 1949-07-30 , 女 , -1
	110107120321636 , 10493194.00 , [110107]北京-石景山区 , 1912-03-21 , 女 , -1
	110108190630025 , 10493245.00 , [110108]北京-海淀区 , 1919-06-30 , 男 , -1
	110108820225625 , 10493275.00 , [110108]北京-海淀区 , 1982-02-25 , 男 , -1
	110108841212176 , 10493276.00 , [110108]北京-海淀区 , 1984-12-12 , 女 , -1
	110109470809636 , 10493306.00 , [110109]北京-门头沟区 , 1947-08-09 , 女 , -1
	110111170731769 , 10493387.00 , [110111]北京-房山区 , 1917-07-31 , 男 , -1
	110112010204329 , 10493427.00 , [110112]北京-通州区 , 1901-02-04 , 男 , -1
	110112450928704 , 10493448.00 , [110112]北京-通州区 , 1945-09-28 , 女 , -1
	110113290406144 , 10493488.00 , [110113]北京-顺义区 , 1929-04-06 , 女 , -1
	110113941003361 , 10493519.00 , [110113]北京-顺义区 , 1994-10-03 , 男 , -1
	110114570615401 , 10493549.00 , [110114]北京-昌平区 , 1957-06-15 , 男 , -1
	110115200229241 , 10493579.00 , [110115]北京-大兴区 , 1920-02-29 , 男 , -1
	110115221216400 , 10493580.00 , [110115]北京-大兴区 , 1922-12-16 , 女 , -1
	110116060704400 , 10493620.00 , [110116]北京-怀柔区 , 1906-07-04 , 女 , -1
	110116690322500 , 10493650.00 , [110116]北京-怀柔区 , 1969-03-22 , 女 , -1
	110117340929761 , 10493681.00 , [110117]北京-平谷区 , 1934-09-29 , 男 , -1
	110117550803481 , 10493691.00 , [110117]北京-平谷区 , 1955-08-03 , 男 , -1
	110228791020100 , 10498990.00 , [110228]北京-密云县 , 1979-10-20 , 女 , -1
	110229840921600 , 10499040.00 , [110229]北京-延庆县 , 1984-09-21 , 女 , -1
	120000040529209 , 10954453.00 , [120000]天津-天津市 , 1904-05-29 , 男 , -1
	120000500616676 , 10954474.00 , [120000]天津-天津市 , 1950-06-16 , 女 , -1
	120000960705025 , 10954495.00 , [120000]天津-天津市 , 1996-07-05 , 男 , -1
	120100930329249 , 10959057.00 , [120100]天津-市辖区 , 1993-03-29 , 男 , -1
	120101281019329 , 10959073.00 , [120101]天津-和平区 , 1928-10-19 , 男 , -1
	120101390610084 , 10959078.00 , [120101]天津-和平区 , 1939-06-10 , 女 , -1
	120103450925584 , 10959172.00 , [120103]天津-河西区 , 1945-09-25 , 女 , -1
	120103560517329 , 10959177.00 , [120103]天津-河西区 , 1956-05-17 , 男 , -1
	120103670109124 , 10959182.00 , [120103]天津-河西区 , 1967-01-09 , 女 , -1
	120103911211249 , 10959193.00 , [120103]天津-河西区 , 1991-12-11 , 男 , -1
	120104020803204 , 10959198.00 , [120104]天津-南开区 , 1902-08-03 , 女 , -1
	120106300327204 , 10959302.00 , [120106]天津-红桥区 , 1930-03-27 , 女 , -1
	120106651025124 , 10959318.00 , [120106]天津-红桥区 , 1965-10-25 , 女 , -1
	120106760618329 , 10959323.00 , [120106]天津-红桥区 , 1976-06-18 , 男 , -1
	120106870211584 , 10959328.00 , [120106]天津-红桥区 , 1987-02-11 , 女 , -1
	120107220910336 , 10959344.00 , [120107]天津-塘沽区 , 1922-09-10 , 女 , -1
	120107330503801 , 10959349.00 , [120107]天津-塘沽区 , 1933-05-03 , 男 , -1
	120107681203225 , 10959365.00 , [120107]天津-塘沽区 , 1968-12-03 , 男 , -1
	120200481105604 , 10963598.00 , [120200]天津-县 , 1948-11-05 , 女 , -1
	120221290915209 , 10964547.00 , [120221]天津-宁河县 , 1929-09-15 , 男 , -1
	120221510206249 , 10964557.00 , [120221]天津-宁河县 , 1951-02-06 , 男 , -1
	120221970718084 , 10964578.00 , [120221]天津-宁河县 , 1997-07-18 , 女 , -1
	120223330329600 , 10964640.00 , [120223]天津-静海县 , 1933-03-29 , 女 , -1
	120225040819524 , 10964718.00 , [120225]天津-蓟县 , 1904-08-19 , 女 , -1
	120225260113984 , 10964728.00 , [120225]天津-蓟县 , 1926-01-13 , 女 , -1
	130000290722289 , 11401767.00 , [130000]河北-河北省 , 1929-07-22 , 男 , -1
	130000860811264 , 11401792.00 , [130000]河北-河北省 , 1986-08-11 , 女 , -1
	130100440320964 , 11406158.00 , [130100]河北-石家庄市 , 1944-03-20 , 女 , -1
	130101010629489 , 11406183.00 , [130101]河北-市辖区 , 1901-06-29 , 男 , -1
	130101170316100 , 11406190.00 , [130101]河北-市辖区 , 1917-03-16 , 女 , -1
	130101740626225 , 11406215.00 , [130101]河北-市辖区 , 1974-06-26 , 男 , -1
	130101900313284 , 11406222.00 , [130101]河北-市辖区 , 1990-03-13 , 女 , -1
	130102470625009 , 11406247.00 , [130102]河北-长安区 , 1947-06-25 , 男 , -1
	130102630312516 , 11406254.00 , [130102]河北-长安区 , 1963-03-12 , 女 , -1
	130103200625841 , 11406279.00 , [130103]河北-桥东区 , 1920-06-25 , 男 , -1
	130103360313796 , 11406286.00 , [130103]河北-桥东区 , 1936-03-13 , 女 , -1
	130103930628721 , 11406311.00 , [130103]河北-桥东区 , 1993-06-28 , 男 , -1
	130104090317124 , 11406318.00 , [130104]河北-桥西区 , 1909-03-17 , 女 , -1
	130104820322500 , 11406350.00 , [130104]河北-桥西区 , 1982-03-22 , 女 , -1
	130105550329924 , 11406382.00 , [130105]河北-新华区 , 1955-03-29 , 女 , -1
	130108881014784 , 11406528.00 , [130108]河北-裕华区 , 1988-10-14 , 女 , -1
	130121611011396 , 11407086.00 , [130121]河北-井陉县 , 1961-10-11 , 女 , -1
	130121770710649 , 11407093.00 , [130121]河北-井陉县 , 1977-07-10 , 男 , -1
	130123071122500 , 11407150.00 , [130123]河北-正定县 , 1907-11-22 , 女 , -1
	130123230822649 , 11407157.00 , [130123]河北-正定县 , 1923-08-22 , 男 , -1
	130123390522896 , 11407164.00 , [130123]河北-正定县 , 1939-05-22 , 女 , -1
	130123550223241 , 11407171.00 , [130123]河北-正定县 , 1955-02-23 , 男 , -1
	130125421006009 , 11407253.00 , [130125]河北-行唐县 , 1942-10-06 , 男 , -1
	130125580707600 , 11407260.00 , [130125]河北-行唐县 , 1958-07-07 , 女 , -1
	130125740409289 , 11407267.00 , [130125]河北-行唐县 , 1974-04-09 , 男 , -1
	130125900111076 , 11407274.00 , [130125]河北-行唐县 , 1990-01-11 , 女 , -1
	130127611207801 , 11407349.00 , [130127]河北-高邑县 , 1961-12-07 , 男 , -1
	130127770910736 , 11407356.00 , [130127]河北-高邑县 , 1977-09-10 , 女 , -1
	130127930613769 , 11407363.00 , [130127]河北-高邑县 , 1993-06-13 , 男 , -1
	130128090316900 , 11407370.00 , [130128]河北-深泽县 , 1909-03-16 , 女 , -1
	130130691210256 , 11407484.00 , [130130]河北-无极县 , 1969-12-10 , 女 , -1
	130130850915081 , 11407491.00 , [130130]河北-无极县 , 1985-09-15 , 男 , -1
	130131010620004 , 11407498.00 , [130131]河北-平山县 , 1901-06-20 , 女 , -1
	130131170325025 , 11407505.00 , [130131]河北-平山县 , 1917-03-25 , 男 , -1
	130131900406369 , 11407537.00 , [130131]河北-平山县 , 1990-04-06 , 男 , -1
	130132060111936 , 11407544.00 , [130132]河北-元氏县 , 1906-01-11 , 女 , -1
	130181391006436 , 11409706.00 , [130181]河北-辛集市 , 1939-10-06 , 女 , -1
	130181870214529 , 11409727.00 , [130181]河北-辛集市 , 1987-02-14 , 男 , -1
	130182121228644 , 11409738.00 , [130182]河北-藁城市 , 1912-12-28 , 女 , -1
	130182440701504 , 11409752.00 , [130182]河北-藁城市 , 1944-07-01 , 女 , -1
	130183170926656 , 11409784.00 , [130183]河北-晋州市 , 1917-09-26 , 女 , -1
	130184220628900 , 11409830.00 , [130184]河北-新乐市 , 1922-06-28 , 女 , -1
	130184540104336 , 11409844.00 , [130184]河北-新乐市 , 1954-01-04 , 女 , -1
	130184791121025 , 11409855.00 , [130184]河北-新乐市 , 1979-11-21 , 男 , -1
	130185840829801 , 11409901.00 , [130185]河北-鹿泉市 , 1984-08-29 , 男 , -1
	130200240523024 , 11410532.00 , [130200]河北-唐山市 , 1924-05-23 , 女 , -1
	130201860823609 , 11410603.00 , [130201]河北-市辖区 , 1986-08-23 , 男 , -1
	130202180320689 , 11410617.00 , [130202]河北-路南区 , 1918-03-20 , 男 , -1
	130202591103225 , 11410635.00 , [130202]河北-路南区 , 1959-11-03 , 男 , -1
	130202910601201 , 11410649.00 , [130202]河北-路南区 , 1991-06-01 , 男 , -1
	130204530918400 , 11410720.00 , [130204]河北-古冶区 , 1953-09-18 , 女 , -1
	130204850418756 , 11410734.00 , [130204]河北-古冶区 , 1985-04-18 , 女 , -1
	130205261205504 , 11410752.00 , [130205]河北-开平区 , 1926-12-05 , 女 , -1
	130205580706756 , 11410766.00 , [130205]河北-开平区 , 1958-07-06 , 女 , -1
	130205900208400 , 11410780.00 , [130205]河北-开平区 , 1990-02-08 , 女 , -1
	130223290817764 , 11411542.00 , [130223]河北-滦县 , 1929-08-17 , 女 , -1
	130223770102969 , 11411563.00 , [130223]河北-滦县 , 1977-01-02 , 男 , -1
	130224180919561 , 11411581.00 , [130224]河北-滦南县 , 1918-09-19 , 男 , -1
	130224660206404 , 11411602.00 , [130224]河北-滦南县 , 1966-02-06 , 女 , -1
	130225071024400 , 11411620.00 , [130225]河北-乐亭县 , 1907-10-24 , 女 , -1
	130225550312881 , 11411641.00 , [130225]河北-乐亭县 , 1955-03-12 , 男 , -1
	130227011007025 , 11411705.00 , [130227]河北-迁西县 , 1901-10-07 , 男 , -1
	130227901121536 , 11411744.00 , [130227]河北-迁西县 , 1990-11-21 , 女 , -1
	130229841125241 , 11411829.00 , [130229]河北-玉田县 , 1984-11-25 , 男 , -1
	130230320422500 , 11411850.00 , [130230]河北-唐海县 , 1932-04-22 , 女 , -1
	130230891015625 , 11411875.00 , [130230]河北-唐海县 , 1989-10-15 , 男 , -1
	130281290730889 , 11414083.00 , [130281]河北-遵化市 , 1929-07-30 , 男 , -1
	130281450528100 , 11414090.00 , [130281]河北-遵化市 , 1945-05-28 , 女 , -1
	130281610325409 , 11414097.00 , [130281]河北-遵化市 , 1961-03-25 , 男 , -1
	130281770122816 , 11414104.00 , [130281]河北-遵化市 , 1977-01-22 , 女 , -1
	130283390930625 , 11414175.00 , [130283]河北-迁安市 , 1939-09-30 , 男 , -1
	130283550729124 , 11414182.00 , [130283]河北-迁安市 , 1955-07-29 , 女 , -1
	130283710527721 , 11414189.00 , [130283]河北-迁安市 , 1971-05-27 , 男 , -1
	130283870326416 , 11414196.00 , [130283]河北-迁安市 , 1987-03-26 , 女 , -1
	130300170308100 , 11414910.00 , [130300]河北-秦皇岛市 , 1917-03-08 , 女 , -1
	130300330116889 , 11414917.00 , [130300]河北-秦皇岛市 , 1933-01-16 , 男 , -1
	130301791230361 , 11414981.00 , [130301]河北-市辖区 , 1979-12-30 , 男 , -1
	130303001221156 , 11415034.00 , [130303]河北-山海关区 , 1900-12-21 , 女 , -1
	130303161031681 , 11415041.00 , [130303]河北-山海关区 , 1916-10-31 , 男 , -1
	130304211217569 , 11415087.00 , [130304]河北-北戴河区 , 1921-12-17 , 男 , -1
	130304371028836 , 11415094.00 , [130304]河北-北戴河区 , 1937-10-28 , 女 , -1
	130321060430625 , 11415825.00 , [130321]河北-青龙满族自治县 , 1906-04-30 , 男 , -1
	130321631222500 , 11415850.00 , [130321]河北-青龙满族自治县 , 1963-12-22 , 女 , -1
	130322270510884 , 11415878.00 , [130322]河北-昌黎县 , 1927-05-10 , 女 , -1
	130323001128100 , 11415910.00 , [130323]河北-抚宁县 , 1900-11-28 , 女 , -1
	130323640419844 , 11415938.00 , [130323]河北-抚宁县 , 1964-04-19 , 女 , -1
	130324211217369 , 11415963.00 , [130324]河北-卢龙县 , 1921-12-17 , 男 , -1
	130324850512081 , 11415991.00 , [130324]河北-卢龙县 , 1985-05-12 , 男 , -1
	130400481005809 , 11419303.00 , [130400]河北-邯郸市 , 1948-10-05 , 男 , -1
	130400960616976 , 11419324.00 , [130400]河北-邯郸市 , 1996-06-16 , 女 , -1
	130401440229025 , 11419345.00 , [130401]河北-市辖区 , 1944-02-29 , 男 , -1
	130402490810881 , 11419391.00 , [130402]河北-邯山区 , 1949-08-10 , 男 , -1
	130402970425744 , 11419412.00 , [130402]河北-邯山区 , 1997-04-25 , 女 , -1
	130404021013764 , 11419458.00 , [130404]河北-复兴区 , 1902-10-13 , 女 , -1
	130404660504196 , 11419486.00 , [130404]河北-复兴区 , 1966-05-04 , 女 , -1
	130406190719809 , 11419553.00 , [130406]河北-峰峰矿区 , 1919-07-19 , 男 , -1
	130406830215561 , 11419581.00 , [130406]河北-峰峰矿区 , 1983-02-15 , 男 , -1
	130421470529284 , 11420222.00 , [130421]河北-邯郸县 , 1947-05-29 , 女 , -1
	130421630412441 , 11420229.00 , [130421]河北-邯郸县 , 1963-04-12 , 男 , -1
	130423160727616 , 11420296.00 , [130423]河北-临漳县 , 1916-07-27 , 女 , -1
	130423320611809 , 11420303.00 , [130423]河北-临漳县 , 1932-06-11 , 男 , -1
	130425010822129 , 11420377.00 , [130425]河北-大名县 , 1901-08-22 , 男 , -1
	130425170707456 , 11420384.00 , [130425]河北-大名县 , 1917-07-07 , 女 , -1
	130426860929764 , 11420458.00 , [130426]河北-涉县 , 1986-09-29 , 女 , -1
	130427020816225 , 11420465.00 , [130427]河北-磁县 , 1902-08-16 , 男 , -1
	130427180702784 , 11420472.00 , [130427]河北-磁县 , 1918-07-02 , 女 , -1
	130429030825809 , 11420553.00 , [130429]河北-永年县 , 1903-08-25 , 男 , -1
	130429190713600 , 11420560.00 , [130429]河北-永年县 , 1919-07-13 , 女 , -1
	130429350601489 , 11420567.00 , [130429]河北-永年县 , 1935-06-01 , 男 , -1
	130431360629025 , 11420655.00 , [130431]河北-鸡泽县 , 1936-06-29 , 男 , -1
	130431520518244 , 11420662.00 , [130431]河北-鸡泽县 , 1952-05-18 , 女 , -1
	130431680407561 , 11420669.00 , [130431]河北-鸡泽县 , 1968-04-07 , 男 , -1
	130432571221264 , 11420708.00 , [130432]河北-广平县 , 1957-12-21 , 女 , -1
	130432731111225 , 11420715.00 , [130432]河北-广平县 , 1973-11-11 , 男 , -1
	130432891001284 , 11420722.00 , [130432]河北-广平县 , 1989-10-01 , 女 , -1
	130434170125284 , 11420778.00 , [130434]河北-魏县 , 1917-01-25 , 女 , -1
	130435380730561 , 11420831.00 , [130435]河北-曲周县 , 1938-07-30 , 男 , -1
	130435540622244 , 11420838.00 , [130435]河北-曲周县 , 1954-06-22 , 女 , -1
	130435700514025 , 11420845.00 , [130435]河北-曲周县 , 1970-05-14 , 男 , -1
	130435860405904 , 11420852.00 , [130435]河北-曲周县 , 1986-04-05 , 女 , -1
	130481250819921 , 11422839.00 , [130481]河北-武安市 , 1925-08-19 , 男 , -1
	130500350505625 , 11423675.00 , [130500]河北-邢台市 , 1935-05-05 , 男 , -1
	130502041215001 , 11423749.00 , [130502]河北-桥东区 , 1904-12-15 , 男 , -1
	130502521012900 , 11423770.00 , [130502]河北-桥东区 , 1952-10-12 , 女 , -1
	130503000811681 , 11423791.00 , [130503]河北-桥西区 , 1900-08-11 , 男 , -1
	130503480611344 , 11423812.00 , [130503]河北-桥西区 , 1948-06-11 , 女 , -1
	130503960411889 , 11423833.00 , [130503]河北-桥西区 , 1996-04-11 , 男 , -1
	130521051025561 , 11424581.00 , [130521]河北-邢台县 , 1905-10-25 , 男 , -1
	130521370914025 , 11424595.00 , [130521]河北-邢台县 , 1937-09-14 , 男 , -1
	130521690802881 , 11424609.00 , [130521]河北-邢台县 , 1969-08-02 , 男 , -1
	130522490526736 , 11424644.00 , [130522]河北-临城县 , 1949-05-26 , 女 , -1
	130522810416964 , 11424658.00 , [130522]河北-临城县 , 1981-04-16 , 女 , -1
	130523130307584 , 11424672.00 , [130523]河北-内丘县 , 1913-03-07 , 女 , -1
	130524661218121 , 11424739.00 , [130524]河北-柏乡县 , 1966-12-18 , 男 , -1
	130524981111009 , 11424753.00 , [130524]河北-柏乡县 , 1998-11-11 , 男 , -1
	130525301004289 , 11424767.00 , [130525]河北-隆尧县 , 1930-10-04 , 男 , -1
	130526740528900 , 11424830.00 , [130526]河北-任县 , 1974-05-28 , 女 , -1
	130527060424336 , 11424844.00 , [130527]河北-南和县 , 1906-04-24 , 女 , -1
	130527380320164 , 11424858.00 , [130527]河北-南和县 , 1938-03-20 , 女 , -1
	130527700216384 , 11424872.00 , [130527]河北-南和县 , 1970-02-16 , 女 , -1
	130528020112996 , 11424886.00 , [130528]河北-宁晋县 , 1902-01-12 , 女 , -1
	130529071204624 , 11424932.00 , [130529]河北-巨鹿县 , 1907-12-04 , 女 , -1
	130529391102916 , 11424946.00 , [130529]河北-巨鹿县 , 1939-11-02 , 女 , -1
	130529711001600 , 11424960.00 , [130529]河北-巨鹿县 , 1971-10-01 , 女 , -1
	130531630401936 , 11425044.00 , [130531]河北-广宗县 , 1963-04-01 , 女 , -1
	130531950303364 , 11425058.00 , [130531]河北-广宗县 , 1995-03-03 , 女 , -1
	130532270205184 , 11425072.00 , [130532]河北-平乡县 , 1927-02-05 , 女 , -1
	130532590107396 , 11425086.00 , [130532]河北-平乡县 , 1959-01-07 , 女 , -1
	130533641217424 , 11425132.00 , [130533]河北-威县 , 1964-12-17 , 女 , -1
	130533961121316 , 11425146.00 , [130533]河北-威县 , 1996-11-21 , 女 , -1
	130534281025600 , 11425160.00 , [130534]河北-清河县 , 1928-10-25 , 女 , -1
	130534600930276 , 11425174.00 , [130534]河北-清河县 , 1960-09-30 , 女 , -1
	130581311219524 , 11427218.00 , [130581]河北-南宫市 , 1931-12-19 , 女 , -1
	130582111126009 , 11427253.00 , [130582]河北-沙河市 , 1911-11-26 , 男 , -1
	130582271107600 , 11427260.00 , [130582]河北-沙河市 , 1927-11-07 , 女 , -1
	130601721028321 , 11428111.00 , [130601]河北-市辖区 , 1972-10-28 , 男 , -1
	130601881021924 , 11428118.00 , [130601]河北-市辖区 , 1988-10-21 , 女 , -1
	130602041015625 , 11428125.00 , [130602]河北-新市区 , 1904-10-15 , 男 , -1
	130602201009424 , 11428132.00 , [130602]河北-新市区 , 1920-10-09 , 女 , -1
	130602361003321 , 11428139.00 , [130602]河北-新市区 , 1936-10-03 , 男 , -1
	130604600928169 , 11428237.00 , [130604]河北-南市区 , 1960-09-28 , 男 , -1
	130604760923536 , 11428244.00 , [130604]河北-南市区 , 1976-09-23 , 女 , -1
	130604920919001 , 11428251.00 , [130604]河北-南市区 , 1992-09-19 , 男 , -1
	130622201006049 , 11429007.00 , [130622]河北-清苑县 , 1920-10-06 , 男 , -1
	130622361012196 , 11429014.00 , [130622]河北-清苑县 , 1936-10-12 , 女 , -1
	130622521018441 , 11429021.00 , [130622]河北-清苑县 , 1952-10-18 , 男 , -1
	130622681024784 , 11429028.00 , [130622]河北-清苑县 , 1968-10-24 , 女 , -1
	130622841031225 , 11429035.00 , [130622]河北-清苑县 , 1984-10-31 , 男 , -1
	130624441101025 , 11429105.00 , [130624]河北-阜平县 , 1944-11-01 , 男 , -1
	130624601108544 , 11429112.00 , [130624]河北-阜平县 , 1960-11-08 , 女 , -1
	130624761116161 , 11429119.00 , [130624]河北-阜平县 , 1976-11-16 , 男 , -1
	130624921123876 , 11429126.00 , [130624]河北-阜平县 , 1992-11-23 , 女 , -1
	130626521206416 , 11429196.00 , [130626]河北-定兴县 , 1952-12-06 , 女 , -1
	130626681215209 , 11429203.00 , [130626]河北-定兴县 , 1968-12-15 , 男 , -1
	130626841224100 , 11429210.00 , [130626]河北-定兴县 , 1984-12-24 , 女 , -1
	130631550101056 , 11429416.00 , [130631]河北-望都县 , 1955-01-01 , 女 , -1
	130631710112929 , 11429423.00 , [130631]河北-望都县 , 1971-01-12 , 男 , -1
	130631870124900 , 11429430.00 , [130631]河北-望都县 , 1987-01-24 , 女 , -1
	130632990211441 , 11429479.00 , [130632]河北-安新县 , 1999-02-11 , 男 , -1
	130633150224196 , 11429486.00 , [130633]河北-易县 , 1915-02-24 , 女 , -1
	130634110302784 , 11429528.00 , [130634]河北-曲阳县 , 1911-03-02 , 女 , -1
	130634270316225 , 11429535.00 , [130634]河北-曲阳县 , 1927-03-16 , 男 , -1
	130634430329764 , 11429542.00 , [130634]河北-曲阳县 , 1943-03-29 , 女 , -1
	130635390413056 , 11429584.00 , [130635]河北-蠡县 , 1939-04-13 , 女 , -1
	130635550427281 , 11429591.00 , [130635]河北-蠡县 , 1955-04-27 , 男 , -1
	130636510514689 , 11429633.00 , [130636]河北-顺平县 , 1951-05-14 , 男 , -1
	130636670529600 , 11429640.00 , [130636]河北-顺平县 , 1967-05-29 , 女 , -1
	130637470605625 , 11429675.00 , [130637]河北-博野县 , 1947-06-05 , 男 , -1
	130637630621124 , 11429682.00 , [130637]河北-博野县 , 1963-06-21 , 女 , -1
	130638590716176 , 11429724.00 , [130638]河北-雄县 , 1959-07-16 , 女 , -1
	130682370226321 , 11431639.00 , [130682]河北-定州市 , 1937-02-26 , 男 , -1
	130682690312409 , 11431653.00 , [130682]河北-定州市 , 1969-03-12 , 男 , -1
	130683490529344 , 11431688.00 , [130683]河北-安国市 , 1949-05-29 , 女 , -1
	130683810616804 , 11431702.00 , [130683]河北-安国市 , 1981-06-16 , 女 , -1
	130684130704656 , 11431716.00 , [130684]河北-高碑店市 , 1913-07-04 , 女 , -1
	130684930926001 , 11431751.00 , [130684]河北-高碑店市 , 1993-09-26 , 男 , -1
	130701690410256 , 11432484.00 , [130701]河北-市辖区 , 1969-04-10 , 女 , -1
	130702010520004 , 11432498.00 , [130702]河北-桥东区 , 1901-05-20 , 女 , -1
	130702330630144 , 11432512.00 , [130702]河北-桥东区 , 1933-06-30 , 女 , -1
	130703130907209 , 11432547.00 , [130703]河北-桥西区 , 1913-09-07 , 男 , -1
	130703451018721 , 11432561.00 , [130703]河北-桥西区 , 1945-10-18 , 男 , -1
	130703771130625 , 11432575.00 , [130703]河北-桥西区 , 1977-11-30 , 男 , -1
	130705760406244 , 11432662.00 , [130705]河北-宣化区 , 1976-04-06 , 女 , -1
	130706080520976 , 11432676.00 , [130706]河北-下花园区 , 1908-05-20 , 女 , -1
	130706880809521 , 11432711.00 , [130706]河北-下花园区 , 1988-08-09 , 男 , -1
	130721080622224 , 11433332.00 , [130721]河北-宣化县 , 1908-06-22 , 女 , -1
	130721560822609 , 11433353.00 , [130721]河北-宣化县 , 1956-08-22 , 男 , -1
	130722041023876 , 11433374.00 , [130722]河北-张北县 , 1904-10-23 , 女 , -1
	130722521226025 , 11433395.00 , [130722]河北-张北县 , 1952-12-26 , 男 , -1
	130723710301809 , 11433447.00 , [130723]河北-康保县 , 1971-03-01 , 男 , -1
	130724190507024 , 11433468.00 , [130724]河北-沽源县 , 1919-05-07 , 女 , -1
	130724670713121 , 11433489.00 , [130724]河北-沽源县 , 1967-07-13 , 男 , -1
	130725150920100 , 11433510.00 , [130725]河北-尚义县 , 1915-09-20 , 女 , -1
	130725631127961 , 11433531.00 , [130725]河北-尚义县 , 1963-11-27 , 男 , -1
	130726820217889 , 11433583.00 , [130726]河北-蔚县 , 1982-02-17 , 男 , -1
	130727300428816 , 11433604.00 , [130727]河北-阳原县 , 1930-04-28 , 女 , -1
	130727940711424 , 11433632.00 , [130727]河北-阳原县 , 1994-07-11 , 女 , -1
	130728420924409 , 11433653.00 , [130728]河北-怀安县 , 1942-09-24 , 男 , -1
	130729061209761 , 11433681.00 , [130729]河北-万全县 , 1906-12-09 , 男 , -1
	130730250315289 , 11433733.00 , [130730]河北-怀来县 , 1925-03-15 , 男 , -1
	130730890605121 , 11433761.00 , [130730]河北-怀来县 , 1989-06-05 , 男 , -1
	130731370823524 , 11433782.00 , [130731]河北-涿鹿县 , 1937-08-23 , 女 , -1
	130732011116100 , 11433810.00 , [130732]河北-赤城县 , 1901-11-16 , 女 , -1
	130733360309161 , 11433869.00 , [130733]河北-崇礼县 , 1936-03-09 , 男 , -1
	130800600102481 , 11436809.00 , [130800]河北-承德市 , 1960-01-02 , 男 , -1
	130800760217856 , 11436816.00 , [130800]河北-承德市 , 1976-02-17 , 女 , -1
	130801720912164 , 11436858.00 , [130801]河北-市辖区 , 1972-09-12 , 女 , -1
	130801881028225 , 11436865.00 , [130801]河北-市辖区 , 1988-10-28 , 男 , -1
	130802590114816 , 11436896.00 , [130802]河北-双桥区 , 1959-01-14 , 女 , -1
	130803550815844 , 11436938.00 , [130803]河北-双滦区 , 1955-08-15 , 女 , -1
	130821690428361 , 11437731.00 , [130821]河北-承德县 , 1969-04-28 , 男 , -1
	130822170813504 , 11437752.00 , [130822]河北-兴隆县 , 1917-08-13 , 女 , -1
	130823200213209 , 11437797.00 , [130823]河北-平泉县 , 1920-02-13 , 男 , -1
	130823680601124 , 11437818.00 , [130823]河北-平泉县 , 1968-06-01 , 女 , -1
	130823840730625 , 11437825.00 , [130823]河北-平泉县 , 1984-07-30 , 男 , -1
	130824321119716 , 11437846.00 , [130824]河北-滦平县 , 1932-11-19 , 女 , -1
	130825350527881 , 11437891.00 , [130825]河北-隆化县 , 1935-05-27 , 男 , -1
	130825830919744 , 11437912.00 , [130825]河北-隆化县 , 1983-09-19 , 女 , -1
	130826700202500 , 11437950.00 , [130826]河北-丰宁满族自治县 , 1970-02-02 , 女 , -1
	130827340728484 , 11437978.00 , [130827]河北-宽城满族自治县 , 1934-07-28 , 女 , -1
	130827821124001 , 11437999.00 , [130827]河北-宽城满族自治县 , 1982-11-24 , 男 , -1
	130828690413369 , 11438037.00 , [130828]河北-围场满族蒙古族自治县 , 1969-04-13 , 男 , -1
	130900050616336 , 11441156.00 , [130900]河北-沧州市 , 1905-06-16 , 女 , -1
	130901080322401 , 11441201.00 , [130901]河北-市辖区 , 1908-03-22 , 男 , -1
	130901721030441 , 11441229.00 , [130901]河北-市辖区 , 1972-10-30 , 男 , -1
	130901881207696 , 11441236.00 , [130901]河北-市辖区 , 1988-12-07 , 女 , -1
	130902270210009 , 11441253.00 , [130902]河北-新华区 , 1927-02-10 , 男 , -1
	130902910920961 , 11441281.00 , [130902]河北-新华区 , 1991-09-20 , 男 , -1
	130903460103025 , 11441305.00 , [130903]河北-运河区 , 1946-01-03 , 男 , -1
	130921080305625 , 11442075.00 , [130921]河北-沧县 , 1908-03-05 , 男 , -1
	130924101030849 , 11442207.00 , [130924]河北-海兴县 , 1910-10-30 , 男 , -1
	130924261221796 , 11442214.00 , [130924]河北-海兴县 , 1926-12-21 , 女 , -1
	130925130831504 , 11442252.00 , [130925]河北-盐山县 , 1913-08-31 , 女 , -1
	130925291023081 , 11442259.00 , [130925]河北-盐山县 , 1929-10-23 , 男 , -1
	130925451214756 , 11442266.00 , [130925]河北-盐山县 , 1945-12-14 , 女 , -1
	130926320828416 , 11442304.00 , [130926]河北-肃宁县 , 1932-08-28 , 女 , -1
	130926481020721 , 11442311.00 , [130926]河北-肃宁县 , 1948-10-20 , 男 , -1
	130926641213124 , 11442318.00 , [130926]河北-肃宁县 , 1964-12-13 , 女 , -1
	130927510830736 , 11442356.00 , [130927]河北-南皮县 , 1951-08-30 , 女 , -1
	130927671023769 , 11442363.00 , [130927]河北-南皮县 , 1967-10-23 , 男 , -1
	130927831216900 , 11442370.00 , [130927]河北-南皮县 , 1983-12-16 , 女 , -1
	130929021226084 , 11442422.00 , [130929]河北-献县 , 1902-12-26 , 女 , -1
	130981341205264 , 11444708.00 , [130981]河北-泊头市 , 1934-12-05 , 女 , -1
	130981730325625 , 11444725.00 , [130981]河北-泊头市 , 1973-03-25 , 男 , -1
	130982211004516 , 11444746.00 , [130982]河北-任丘市 , 1921-10-04 , 女 , -1
	130982371231009 , 11444753.00 , [130982]河北-任丘市 , 1937-12-31 , 男 , -1
	130982600126169 , 11444763.00 , [130982]河北-任丘市 , 1960-01-26 , 男 , -1
	130983080806656 , 11444784.00 , [130983]河北-黄骅市 , 1908-08-06 , 女 , -1
	130983950611684 , 11444822.00 , [130983]河北-黄骅市 , 1995-06-11 , 女 , -1
	130984820419600 , 11444860.00 , [130984]河北-河间市 , 1982-04-19 , 女 , -1
	131000340109444 , 11445538.00 , [131000]河北-廊坊市 , 1934-01-09 , 女 , -1
	131000820822481 , 11445559.00 , [131000]河北-廊坊市 , 1982-08-22 , 男 , -1
	131001370209889 , 11445583.00 , [131001]河北-市辖区 , 1937-02-09 , 男 , -1
	131001850924816 , 11445604.00 , [131001]河北-市辖区 , 1985-09-24 , 女 , -1
	131002400314384 , 11445628.00 , [131002]河北-安次区 , 1940-03-14 , 女 , -1
	131002881031201 , 11445649.00 , [131002]河北-安次区 , 1988-10-31 , 男 , -1
	131003430422929 , 11445673.00 , [131003]河北-广阳区 , 1943-04-22 , 男 , -1
	131003750901969 , 11445687.00 , [131003]河北-广阳区 , 1975-09-01 , 男 , -1
	131022110427121 , 11446489.00 , [131022]河北-固安县 , 1911-04-27 , 男 , -1
	131022430929009 , 11446503.00 , [131022]河北-固安县 , 1943-09-29 , 男 , -1
	131022820110400 , 11446520.00 , [131022]河北-固安县 , 1982-01-10 , 女 , -1
	131023140613156 , 11446534.00 , [131023]河北-永清县 , 1914-06-13 , 女 , -1
	131023461116304 , 11446548.00 , [131023]河北-永清县 , 1946-11-16 , 女 , -1
	131024170803241 , 11446579.00 , [131024]河北-香河县 , 1917-08-03 , 男 , -1
	131026460129041 , 11446679.00 , [131026]河北-文安县 , 1946-01-29 , 男 , -1
	131081730522649 , 11449093.00 , [131081]河北-霸州市 , 1973-05-22 , 男 , -1
	131082921231025 , 11449145.00 , [131082]河北-三河市 , 1992-12-31 , 男 , -1
	131100370308649 , 11449907.00 , [131100]河北-衡水市 , 1937-03-08 , 男 , -1
	131100530607396 , 11449914.00 , [131100]河北-衡水市 , 1953-06-07 , 女 , -1
	131100690906241 , 11449921.00 , [131100]河北-衡水市 , 1969-09-06 , 男 , -1
	131100851205184 , 11449928.00 , [131100]河北-衡水市 , 1985-12-05 , 女 , -1
	131101080203844 , 11449938.00 , [131101]河北-市辖区 , 1908-02-03 , 女 , -1
	131101240503025 , 11449945.00 , [131101]河北-市辖区 , 1924-05-03 , 男 , -1
	131101400802304 , 11449952.00 , [131101]河北-市辖区 , 1940-08-02 , 女 , -1
	131101561101681 , 11449959.00 , [131101]河北-市辖区 , 1956-11-01 , 男 , -1
	131121690902244 , 11450838.00 , [131121]河北-枣强县 , 1969-09-02 , 女 , -1
	131121851214025 , 11450845.00 , [131121]河北-枣强县 , 1985-12-14 , 男 , -1
	131123271122649 , 11450907.00 , [131123]河北-武强县 , 1927-11-22 , 男 , -1
	131124370412025 , 11450955.00 , [131124]河北-饶阳县 , 1937-04-12 , 男 , -1
	131124530725444 , 11450962.00 , [131124]河北-饶阳县 , 1953-07-25 , 女 , -1
	131126660613025 , 11451055.00 , [131126]河北-故城县 , 1966-06-13 , 男 , -1
	131126820927844 , 11451062.00 , [131126]河北-故城县 , 1982-09-27 , 女 , -1
	131128630201881 , 11451141.00 , [131128]河北-阜城县 , 1963-02-01 , 男 , -1
	131128790517904 , 11451148.00 , [131128]河北-阜城县 , 1979-05-17 , 女 , -1
	131181860506225 , 11453465.00 , [131181]河北-冀州市 , 1986-05-06 , 男 , -1
	131182181203441 , 11453479.00 , [131182]河北-深州市 , 1918-12-03 , 男 , -1
	131182570622016 , 11453496.00 , [131182]河北-深州市 , 1957-06-22 , 女 , -1
	140000980504401 , 11832201.00 , [140000]山西-山西省 , 1998-05-04 , 男 , -1
	140122121107761 , 11837319.00 , [140122]山西-阳曲县 , 1912-11-07 , 男 , -1
	140122310504929 , 11837327.00 , [140122]山西-阳曲县 , 1931-05-04 , 男 , -1
	140122570926244 , 11837338.00 , [140122]山西-阳曲县 , 1957-09-26 , 女 , -1
	140122760323716 , 11837346.00 , [140122]山西-阳曲县 , 1976-03-23 , 女 , -1
	140181811225600 , 11839840.00 , [140181]山西-古交市 , 1981-12-25 , 女 , -1
	140201110829025 , 11840655.00 , [140201]山西-市辖区 , 1911-08-29 , 男 , -1
	140201750225124 , 11840682.00 , [140201]山西-市辖区 , 1975-02-25 , 女 , -1
	140202010720249 , 11840693.00 , [140202]山西-城区 , 1901-07-20 , 男 , -1
	140202271215616 , 11840704.00 , [140202]山西-城区 , 1927-12-15 , 女 , -1
	140202650118400 , 11840720.00 , [140202]山西-城区 , 1965-01-18 , 女 , -1
	140202910614361 , 11840731.00 , [140202]山西-城区 , 1991-06-14 , 男 , -1
	140203171110564 , 11840742.00 , [140203]山西-矿区 , 1917-11-10 , 女 , -1
	140203810511361 , 11840769.00 , [140203]山西-矿区 , 1981-05-11 , 男 , -1
	140212170218884 , 11841122.00 , [140212]山西-新荣区 , 1917-02-18 , 女 , -1
	140212430723689 , 11841133.00 , [140212]山西-新荣区 , 1943-07-23 , 男 , -1
	140212691228736 , 11841144.00 , [140212]山西-新荣区 , 1969-12-28 , 女 , -1
	140221051201009 , 11841497.00 , [140221]山西-阳高县 , 1905-12-01 , 男 , -1
	140221430129169 , 11841513.00 , [140221]山西-阳高县 , 1943-01-29 , 男 , -1
	140221880107024 , 11841532.00 , [140221]山西-阳高县 , 1988-01-07 , 女 , -1
	140222140620849 , 11841543.00 , [140222]山西-天镇县 , 1914-06-20 , 男 , -1
	140222851114329 , 11841573.00 , [140222]山西-天镇县 , 1985-11-14 , 男 , -1
	140224390523044 , 11841638.00 , [140224]山西-灵丘县 , 1939-05-23 , 女 , -1
	140224840505649 , 11841657.00 , [140224]山西-灵丘县 , 1984-05-05 , 男 , -1
	140225101022224 , 11841668.00 , [140225]山西-浑源县 , 1910-10-22 , 女 , -1
	140225551005969 , 11841687.00 , [140225]山西-浑源县 , 1955-10-05 , 男 , -1
	140227090429504 , 11841752.00 , [140227]山西-大同县 , 1909-04-29 , 女 , -1
	140227540416441 , 11841771.00 , [140227]山西-大同县 , 1954-04-16 , 男 , -1
	140227990404100 , 11841790.00 , [140227]山西-大同县 , 1999-04-04 , 女 , -1
	140302840502500 , 11844950.00 , [140302]山西-城区 , 1984-05-02 , 女 , -1
	140303290610961 , 11844969.00 , [140303]山西-矿区 , 1929-06-10 , 男 , -1
	140303480130529 , 11844977.00 , [140303]山西-矿区 , 1948-01-30 , 男 , -1
	140303740720144 , 11844988.00 , [140303]山西-矿区 , 1974-07-20 , 女 , -1
	140311061018209 , 11845297.00 , [140311]山西-郊区 , 1906-10-18 , 男 , -1
	140321390307289 , 11845733.00 , [140321]山西-平定县 , 1939-03-07 , 男 , -1
	140321650913536 , 11845744.00 , [140321]山西-平定县 , 1965-09-13 , 女 , -1
	140322480116841 , 11845779.00 , [140322]山西-盂县 , 1948-01-16 , 男 , -1
	140322740724100 , 11845790.00 , [140322]山西-盂县 , 1974-07-24 , 女 , -1
	140400910129921 , 11849089.00 , [140400]山西-长治市 , 1991-01-29 , 男 , -1
	140400981224464 , 11849092.00 , [140400]山西-长治市 , 1998-12-24 , 女 , -1
	140402260929316 , 11849146.00 , [140402]山西-城区 , 1926-09-29 , 女 , -1
	140402450515716 , 11849154.00 , [140402]山西-城区 , 1945-05-15 , 女 , -1
	140402640102244 , 11849162.00 , [140402]山西-城区 , 1964-01-02 , 女 , -1
	140411100531361 , 11849519.00 , [140411]山西-郊区 , 1910-05-31 , 男 , -1
	140411290123729 , 11849527.00 , [140411]山西-郊区 , 1929-01-23 , 男 , -1
	140411361220900 , 11849530.00 , [140411]山西-郊区 , 1936-12-20 , 女 , -1
	140411550813444 , 11849538.00 , [140411]山西-郊区 , 1955-08-13 , 女 , -1
	140411740406116 , 11849546.00 , [140411]山西-郊区 , 1974-04-06 , 女 , -1
	140421030603844 , 11849938.00 , [140421]山西-长治县 , 1903-06-03 , 女 , -1
	140421220202916 , 11849946.00 , [140421]山西-长治县 , 1922-02-02 , 女 , -1
	140421480901849 , 11849957.00 , [140421]山西-长治县 , 1948-09-01 , 男 , -1
	140421670501225 , 11849965.00 , [140421]山西-长治县 , 1967-05-01 , 男 , -1
	140423400601444 , 11850038.00 , [140423]山西-襄垣县 , 1940-06-01 , 女 , -1
	140423590202116 , 11850046.00 , [140423]山西-襄垣县 , 1959-02-02 , 女 , -1
	140423850903249 , 11850057.00 , [140423]山西-襄垣县 , 1985-09-03 , 男 , -1
	140424040504225 , 11850065.00 , [140424]山西-屯留县 , 1904-05-04 , 男 , -1
	140424230105329 , 11850073.00 , [140424]山西-屯留县 , 1923-01-05 , 男 , -1
	140424301205776 , 11850076.00 , [140424]山西-屯留县 , 1930-12-05 , 女 , -1
	140424490807056 , 11850084.00 , [140424]山西-屯留县 , 1949-08-07 , 女 , -1
	140424680408464 , 11850092.00 , [140424]山西-屯留县 , 1968-04-08 , 女 , -1
	140424941110609 , 11850103.00 , [140424]山西-屯留县 , 1994-11-10 , 男 , -1
	140425130712321 , 11850111.00 , [140425]山西-平顺县 , 1913-07-12 , 男 , -1
	140425320314161 , 11850119.00 , [140425]山西-平顺县 , 1932-03-14 , 男 , -1
	140425581016900 , 11850130.00 , [140425]山西-平顺县 , 1958-10-16 , 女 , -1
	140425770619044 , 11850138.00 , [140425]山西-平顺县 , 1977-06-19 , 女 , -1
	140425960221316 , 11850146.00 , [140425]山西-平顺县 , 1996-02-21 , 女 , -1
	140426220924649 , 11850157.00 , [140426]山西-黎城县 , 1922-09-24 , 男 , -1
	140426410527225 , 11850165.00 , [140426]山西-黎城县 , 1941-05-27 , 男 , -1
	140426600129929 , 11850173.00 , [140426]山西-黎城县 , 1960-01-29 , 男 , -1
	140426671230976 , 11850176.00 , [140426]山西-黎城县 , 1967-12-30 , 女 , -1
	140430060401761 , 11850319.00 , [140430]山西-沁县 , 1906-04-01 , 男 , -1
	140430321108900 , 11850330.00 , [140430]山西-沁县 , 1932-11-08 , 女 , -1
	140430510714244 , 11850338.00 , [140430]山西-沁县 , 1951-07-14 , 女 , -1
	140430700319716 , 11850346.00 , [140430]山西-沁县 , 1970-03-19 , 女 , -1
	140430961027449 , 11850357.00 , [140430]山西-沁县 , 1996-10-27 , 男 , -1
	140481590315049 , 11852493.00 , [140481]山西-潞城市 , 1959-03-15 , 男 , -1
	140500080812529 , 11853273.00 , [140500]山西-晋城市 , 1908-08-12 , 男 , -1
	140500460117521 , 11853289.00 , [140500]山西-晋城市 , 1946-01-17 , 男 , -1
	140501550622225 , 11853335.00 , [140501]山西-市辖区 , 1955-06-22 , 男 , -1
	140502190703044 , 11853362.00 , [140502]山西-城区 , 1919-07-03 , 女 , -1
	140521180430569 , 11854163.00 , [140521]山西-沁水县 , 1918-04-30 , 男 , -1
	140521441222276 , 11854174.00 , [140521]山西-沁水县 , 1944-12-22 , 女 , -1
	140522010223204 , 11854198.00 , [140522]山西-阳城县 , 1901-02-23 , 女 , -1
	140522271015681 , 11854209.00 , [140522]山西-阳城县 , 1927-10-15 , 男 , -1
	140524760410596 , 11854314.00 , [140524]山西-陵川县 , 1976-04-10 , 女 , -1
	140525021205625 , 11854325.00 , [140525]山西-泽州县 , 1902-12-05 , 男 , -1
	140525590213801 , 11854349.00 , [140525]山西-泽州县 , 1959-02-13 , 男 , -1
	140525851009600 , 11854360.00 , [140525]山西-泽州县 , 1985-10-09 , 女 , -1
	140581050329344 , 11856688.00 , [140581]山西-高平市 , 1905-03-29 , 女 , -1
	140600401110016 , 11857504.00 , [140600]山西-朔州市 , 1940-11-10 , 女 , -1
	140600590830144 , 11857512.00 , [140600]山西-朔州市 , 1959-08-30 , 女 , -1
	140602440608100 , 11857590.00 , [140602]山西-朔城区 , 1944-06-08 , 女 , -1
	140602630329604 , 11857598.00 , [140602]山西-朔城区 , 1963-03-29 , 女 , -1
	140603080918689 , 11857617.00 , [140603]山西-平鲁区 , 1908-09-18 , 男 , -1
	140603721230736 , 11857644.00 , [140603]山西-平鲁区 , 1972-12-30 , 女 , -1
	140621010207129 , 11858373.00 , [140621]山西-山阴县 , 1901-02-07 , 男 , -1
	140621460825664 , 11858392.00 , [140621]山西-山阴县 , 1946-08-25 , 女 , -1
	140622290914329 , 11858427.00 , [140622]山西-应县 , 1929-09-14 , 男 , -1
	140622860119401 , 11858451.00 , [140622]山西-应县 , 1986-01-19 , 男 , -1
	140623121005444 , 11858462.00 , [140623]山西-右玉县 , 1912-10-05 , 女 , -1
	140623690212196 , 11858486.00 , [140623]山西-右玉县 , 1969-02-12 , 女 , -1
	140624520307441 , 11858521.00 , [140624]山西-怀仁县 , 1952-03-07 , 男 , -1
	140700970721536 , 11861744.00 , [140700]山西-晋中市 , 1997-07-21 , 女 , -1
	140701160509504 , 11861752.00 , [140701]山西-市辖区 , 1916-05-09 , 女 , -1
	140702180622025 , 11861795.00 , [140702]山西-榆次区 , 1918-06-22 , 男 , -1
	140702370410809 , 11861803.00 , [140702]山西-榆次区 , 1937-04-10 , 男 , -1
	140721421111236 , 11862606.00 , [140721]山西-榆社县 , 1942-11-11 , 女 , -1
	140721610912996 , 11862614.00 , [140721]山西-榆社县 , 1961-09-12 , 女 , -1
	140721800714884 , 11862622.00 , [140721]山西-榆社县 , 1980-07-14 , 女 , -1
	140721990516900 , 11862630.00 , [140721]山西-榆社县 , 1999-05-16 , 女 , -1
	140722180319044 , 11862638.00 , [140722]山西-左权县 , 1918-03-19 , 女 , -1
	140722370121316 , 11862646.00 , [140722]山西-左权县 , 1937-01-21 , 女 , -1
	140722820902225 , 11862665.00 , [140722]山西-左权县 , 1982-09-02 , 男 , -1
	140723010704929 , 11862673.00 , [140723]山西-和顺县 , 1901-07-04 , 男 , -1
	140723200507761 , 11862681.00 , [140723]山西-和顺县 , 1920-05-07 , 男 , -1
	140723390310721 , 11862689.00 , [140723]山西-和顺县 , 1939-03-10 , 男 , -1
	140723580113809 , 11862697.00 , [140723]山西-和顺县 , 1958-01-13 , 男 , -1
	140724410503824 , 11862732.00 , [140724]山西-昔阳县 , 1941-05-03 , 女 , -1
	140724600307600 , 11862740.00 , [140724]山西-昔阳县 , 1960-03-07 , 女 , -1
	140724790111504 , 11862748.00 , [140724]山西-昔阳县 , 1979-01-11 , 女 , -1
	140725620505089 , 11862783.00 , [140725]山西-寿阳县 , 1962-05-05 , 男 , -1
	140725810309681 , 11862791.00 , [140725]山西-寿阳县 , 1981-03-09 , 男 , -1
	140726000114401 , 11862799.00 , [140726]山西-太谷县 , 1900-01-14 , 男 , -1
	140726450901124 , 11862818.00 , [140726]山西-太谷县 , 1945-09-01 , 女 , -1
	140726640706276 , 11862826.00 , [140726]山西-太谷县 , 1964-07-06 , 女 , -1
	140726830511556 , 11862834.00 , [140726]山西-太谷县 , 1983-05-11 , 女 , -1
	140727020316964 , 11862842.00 , [140727]山西-祁县 , 1902-03-16 , 女 , -1
	140727210122500 , 11862850.00 , [140727]山西-祁县 , 1921-01-22 , 女 , -1
	140727471105321 , 11862861.00 , [140727]山西-祁县 , 1947-11-05 , 男 , -1
	140727660911161 , 11862869.00 , [140727]山西-祁县 , 1966-09-11 , 男 , -1
	140727850717129 , 11862877.00 , [140727]山西-祁县 , 1985-07-17 , 男 , -1
	140728040523225 , 11862885.00 , [140728]山西-平遥县 , 1904-05-23 , 男 , -1
	140728230329449 , 11862893.00 , [140728]山西-平遥县 , 1923-03-29 , 男 , -1
	140728681119744 , 11862912.00 , [140728]山西-平遥县 , 1968-11-19 , 女 , -1
	140728870926400 , 11862920.00 , [140728]山西-平遥县 , 1987-09-26 , 女 , -1
	140781381107689 , 11865133.00 , [140781]山西-介休市 , 1938-11-07 , 男 , -1
	140801220308961 , 11865969.00 , [140801]山西-市辖区 , 1922-03-08 , 男 , -1
	140801671216144 , 11865988.00 , [140801]山西-市辖区 , 1967-12-16 , 女 , -1
	140802050928016 , 11866004.00 , [140802]山西-盐湖区 , 1905-09-28 , 女 , -1
	140821060908025 , 11866805.00 , [140821]山西-临猗县 , 1906-09-08 , 男 , -1
	140821630515241 , 11866829.00 , [140821]山西-临猗县 , 1963-05-15 , 男 , -1
	140822200123609 , 11866853.00 , [140822]山西-万荣县 , 1920-01-23 , 男 , -1
	140823030804544 , 11866888.00 , [140823]山西-闻喜县 , 1903-08-04 , 女 , -1
	140823600415744 , 11866912.00 , [140823]山西-闻喜县 , 1960-04-15 , 女 , -1
	140824241229721 , 11866939.00 , [140824]山西-稷山县 , 1924-12-29 , 男 , -1
	140825000714841 , 11866971.00 , [140825]山西-新绛县 , 1900-07-14 , 男 , -1
	140825570330025 , 11866995.00 , [140825]山西-新绛县 , 1957-03-30 , 男 , -1
	140825760202009 , 11867003.00 , [140825]山西-新绛县 , 1976-02-02 , 男 , -1
	140826401020900 , 11867030.00 , [140826]山西-绛县 , 1940-10-20 , 女 , -1
	140827160511844 , 11867062.00 , [140827]山西-垣曲县 , 1916-05-11 , 女 , -1
	140827730131396 , 11867086.00 , [140827]山西-垣曲县 , 1973-01-31 , 女 , -1
	140827991207409 , 11867097.00 , [140827]山西-垣曲县 , 1999-12-07 , 男 , -1
	140828560828641 , 11867121.00 , [140828]山西-夏县 , 1956-08-28 , 男 , -1
	140828750702641 , 11867129.00 , [140828]山西-夏县 , 1975-07-02 , 男 , -1
	140829320325409 , 11867153.00 , [140829]山西-平陆县 , 1932-03-25 , 男 , -1
	140830151027344 , 11867188.00 , [140830]山西-芮城县 , 1915-10-27 , 女 , -1
	140830340902416 , 11867196.00 , [140830]山西-芮城县 , 1934-09-02 , 女 , -1
	140830910528400 , 11867220.00 , [140830]山西-芮城县 , 1991-05-28 , 女 , -1
	140881160819569 , 11869337.00 , [140881]山西-永济市 , 1916-08-19 , 男 , -1
	140881350729025 , 11869345.00 , [140881]山西-永济市 , 1935-07-29 , 男 , -1
	140882941225744 , 11869412.00 , [140882]山西-河津市 , 1994-12-25 , 女 , -1
	140900461022500 , 11870150.00 , [140900]山西-忻州市 , 1946-10-22 , 女 , -1
	140901220713124 , 11870182.00 , [140901]山西-市辖区 , 1922-07-13 , 女 , -1
	140901980405796 , 11870214.00 , [140901]山西-市辖区 , 1998-04-05 , 女 , -1
	140902170329284 , 11870222.00 , [140902]山西-忻府区 , 1917-03-29 , 女 , -1
	140921210808576 , 11871024.00 , [140921]山西-定襄县 , 1921-08-08 , 女 , -1
	140921780618304 , 11871048.00 , [140921]山西-定襄县 , 1978-06-18 , 女 , -1
	140922350429184 , 11871072.00 , [140922]山西-五台县 , 1935-04-29 , 女 , -1
	140922730303744 , 11871088.00 , [140922]山西-五台县 , 1973-03-03 , 女 , -1
	140923300116544 , 11871112.00 , [140923]山西-代县 , 1930-01-16 , 女 , -1
	140923751219161 , 11871131.00 , [140923]山西-代县 , 1975-12-19 , 男 , -1
	140924700911241 , 11871171.00 , [140924]山西-繁峙县 , 1970-09-11 , 男 , -1
	140925270728025 , 11871195.00 , [140925]山西-宁武县 , 1927-07-28 , 男 , -1
	140925650606521 , 11871211.00 , [140925]山西-宁武县 , 1965-06-06 , 男 , -1
	140926220425225 , 11871235.00 , [140926]山西-静乐县 , 1922-04-25 , 男 , -1
	140926600305001 , 11871251.00 , [140926]山西-静乐县 , 1960-03-05 , 男 , -1
	140927170125625 , 11871275.00 , [140927]山西-神池县 , 1917-01-25 , 男 , -1
	140928001116100 , 11871310.00 , [140928]山西-五寨县 , 1900-11-16 , 女 , -1
	140928950822500 , 11871350.00 , [140928]山西-五寨县 , 1995-08-22 , 女 , -1
	140929330705956 , 11871366.00 , [140929]山西-岢岚县 , 1933-07-05 , 女 , -1
	140930280416836 , 11871406.00 , [140930]山西-河曲县 , 1928-04-16 , 女 , -1
	140930660302084 , 11871422.00 , [140930]山西-河曲县 , 1966-03-02 , 女 , -1
	140931230130916 , 11871446.00 , [140931]山西-保德县 , 1923-01-30 , 女 , -1
	140932441021009 , 11871497.00 , [140932]山西-偏关县 , 1944-10-21 , 男 , -1
	140932820909169 , 11871513.00 , [140932]山西-偏关县 , 1982-09-09 , 男 , -1
	140981450820721 , 11873561.00 , [140981]山西-原平市 , 1945-08-20 , 男 , -1
	141000140425104 , 11874348.00 , [141000]山西-临汾市 , 1914-04-25 , 女 , -1
	141000330414736 , 11874356.00 , [141000]山西-临汾市 , 1933-04-14 , 女 , -1
	141000520404496 , 11874364.00 , [141000]山西-临汾市 , 1952-04-04 , 女 , -1
	141002040327184 , 11874428.00 , [141002]山西-尧都区 , 1904-03-27 , 女 , -1
	141002230318096 , 11874436.00 , [141002]山西-尧都区 , 1923-03-18 , 女 , -1
	141002420309136 , 11874444.00 , [141002]山西-尧都区 , 1942-03-09 , 女 , -1
	141023320104976 , 11875324.00 , [141023]山西-襄汾县 , 1932-01-04 , 女 , -1
	141023510110224 , 11875332.00 , [141023]山西-襄汾县 , 1951-01-10 , 女 , -1
	141023700115600 , 11875340.00 , [141023]山西-襄汾县 , 1970-01-15 , 女 , -1
	141023890121104 , 11875348.00 , [141023]山西-襄汾县 , 1989-01-21 , 女 , -1
	141024080126736 , 11875356.00 , [141024]山西-洪洞县 , 1908-01-26 , 女 , -1
	141026360204304 , 11875452.00 , [141026]山西-安泽县 , 1936-02-04 , 女 , -1
	141026550211600 , 11875460.00 , [141026]山西-安泽县 , 1955-02-11 , 女 , -1
	141026740219024 , 11875468.00 , [141026]山西-安泽县 , 1974-02-19 , 女 , -1
	141026930226576 , 11875476.00 , [141026]山西-安泽县 , 1993-02-26 , 女 , -1
	141028830309136 , 11875556.00 , [141028]山西-吉县 , 1983-03-09 , 女 , -1
	141029020318096 , 11875564.00 , [141029]山西-乡宁县 , 1902-03-18 , 女 , -1
	141029210327184 , 11875572.00 , [141029]山西-乡宁县 , 1921-03-27 , 女 , -1
	141030730404496 , 11875636.00 , [141030]山西-大宁县 , 1973-04-04 , 女 , -1
	141030920414736 , 11875644.00 , [141030]山西-大宁县 , 1992-04-14 , 女 , -1
	141031110425104 , 11875652.00 , [141031]山西-隰县 , 1911-04-25 , 女 , -1
	141032440501264 , 11875708.00 , [141032]山西-永和县 , 1944-05-01 , 女 , -1
	141032630512656 , 11875716.00 , [141032]山西-永和县 , 1963-05-12 , 女 , -1
	141032820524176 , 11875724.00 , [141032]山西-永和县 , 1982-05-24 , 女 , -1
	141034150608400 , 11875780.00 , [141034]山西-汾西县 , 1915-06-08 , 女 , -1
	141034340620944 , 11875788.00 , [141034]山西-汾西县 , 1934-06-20 , 女 , -1
	141081230128644 , 11877762.00 , [141081]山西-侯马市 , 1923-01-28 , 女 , -1
	141081610217284 , 11877778.00 , [141081]山西-侯马市 , 1961-02-17 , 女 , -1
	141081990306436 , 11877794.00 , [141081]山西-侯马市 , 1999-03-06 , 女 , -1
	141082940531556 , 11877834.00 , [141082]山西-霍州市 , 1994-05-31 , 女 , -1
	141100330216356 , 11878566.00 , [141100]山西-吕梁市 , 1933-02-16 , 女 , -1
	141100710330724 , 11878582.00 , [141100]山西-吕梁市 , 1971-03-30 , 女 , -1
	141101280503236 , 11878606.00 , [141101]山西-市辖区 , 1928-05-03 , 女 , -1
	141101660618884 , 11878622.00 , [141101]山西-市辖区 , 1966-06-18 , 女 , -1
	141102610910244 , 11878662.00 , [141102]山西-离石区 , 1961-09-10 , 女 , -1
	141102991027684 , 11878678.00 , [141102]山西-离石区 , 1999-10-27 , 女 , -1
	141121261025809 , 11879447.00 , [141121]山西-文水县 , 1926-10-25 , 男 , -1
	141122140106256 , 11879484.00 , [141122]山西-交城县 , 1914-01-06 , 女 , -1
	141122710322064 , 11879508.00 , [141122]山西-交城县 , 1971-03-22 , 女 , -1
	141123470611600 , 11879540.00 , [141123]山西-兴县 , 1947-06-11 , 女 , -1
	141124040830096 , 11879564.00 , [141124]山西-临县 , 1904-08-30 , 女 , -1
	141124230903184 , 11879572.00 , [141124]山西-临县 , 1923-09-03 , 女 , -1
	141124801123216 , 11879596.00 , [141124]山西-临县 , 1980-11-23 , 女 , -1
	141125680214689 , 11879633.00 , [141125]山西-柳林县 , 1968-02-14 , 男 , -1
	141126440512225 , 11879665.00 , [141126]山西-石楼县 , 1944-05-12 , 男 , -1
	141127200811809 , 11879697.00 , [141127]山西-岚县 , 1920-08-11 , 男 , -1
	141127961113441 , 11879729.00 , [141127]山西-岚县 , 1996-11-13 , 男 , -1
	141128840214756 , 11879766.00 , [141128]山西-方山县 , 1984-02-14 , 女 , -1
	141129600520804 , 11879798.00 , [141129]山西-中阳县 , 1960-05-20 , 女 , -1
	141130360828900 , 11879830.00 , [141130]山西-交口县 , 1936-08-28 , 女 , -1
	141130550906244 , 11879838.00 , [141130]山西-交口县 , 1955-09-06 , 女 , -1
	141181710124081 , 11881991.00 , [141181]山西-孝义市 , 1971-01-24 , 男 , -1
	150100550911809 , 12251553.00 , [150100]内蒙古-呼和浩特市 , 1955-09-11 , 男 , -1
	150101310509056 , 12251584.00 , [150101]内蒙古-市辖区 , 1931-05-09 , 女 , -1
	150102021101769 , 12251613.00 , [150102]内蒙古-新城区 , 1902-11-01 , 男 , -1
	150102070108225 , 12251615.00 , [150102]内蒙古-新城区 , 1907-01-08 , 男 , -1
	150102780702736 , 12251644.00 , [150102]内蒙古-新城区 , 1978-07-02 , 女 , -1
	150103540305625 , 12251675.00 , [150103]内蒙古-回民区 , 1954-03-05 , 男 , -1
	150104250903616 , 12251704.00 , [150104]内蒙古-玉泉区 , 1925-09-03 , 女 , -1
	150105010510225 , 12251735.00 , [150105]内蒙古-赛罕区 , 1901-05-10 , 男 , -1
	150105721111696 , 12251764.00 , [150105]内蒙古-赛罕区 , 1972-11-11 , 女 , -1
	150105770118756 , 12251766.00 , [150105]内蒙古-赛罕区 , 1977-01-18 , 女 , -1
	150121060712100 , 12252390.00 , [150121]内蒙古-土默特左旗 , 1906-07-12 , 女 , -1
	150121550808100 , 12252410.00 , [150121]内蒙古-土默特左旗 , 1955-08-08 , 女 , -1
	150122040904900 , 12252430.00 , [150122]内蒙古-托克托县 , 1904-09-04 , 女 , -1
	150122531002500 , 12252450.00 , [150122]内蒙古-托克托县 , 1953-10-02 , 女 , -1
	150123070110784 , 12252472.00 , [150123]内蒙古-和林格尔县 , 1907-01-10 , 女 , -1
	150123560210064 , 12252492.00 , [150123]内蒙古-和林格尔县 , 1956-02-10 , 女 , -1
	150124050310144 , 12252512.00 , [150124]内蒙古-清水河县 , 1905-03-10 , 女 , -1
	150124540411024 , 12252532.00 , [150124]内蒙古-清水河县 , 1954-04-11 , 女 , -1
	150125030512704 , 12252552.00 , [150125]内蒙古-武川县 , 1903-05-12 , 女 , -1
	150125520615184 , 12252572.00 , [150125]内蒙古-武川县 , 1952-06-15 , 女 , -1
	150200270606884 , 12255622.00 , [150200]内蒙古-包头市 , 1927-06-06 , 女 , -1
	150200491208161 , 12255631.00 , [150200]内蒙古-包头市 , 1949-12-08 , 男 , -1
	150201790307856 , 12255684.00 , [150201]内蒙古-市辖区 , 1979-03-07 , 女 , -1
	150202010910249 , 12255693.00 , [150202]内蒙古-东河区 , 1901-09-10 , 男 , -1
	150203530620025 , 12255755.00 , [150203]内蒙古-昆都仑区 , 1953-06-20 , 男 , -1
	150203751223696 , 12255764.00 , [150203]内蒙古-昆都仑区 , 1975-12-23 , 女 , -1
	150204560105209 , 12255797.00 , [150204]内蒙古-青山区 , 1956-01-05 , 男 , -1
	150204780709636 , 12255806.00 , [150204]内蒙古-青山区 , 1978-07-09 , 女 , -1
	150206030804449 , 12255857.00 , [150206]内蒙古-白云矿区 , 1903-08-04 , 男 , -1
	150207280904464 , 12255908.00 , [150207]内蒙古-九原区 , 1928-09-04 , 女 , -1
	150221351016324 , 12256482.00 , [150221]内蒙古-土默特右旗 , 1935-10-16 , 女 , -1
	150221890302016 , 12256504.00 , [150221]内蒙古-土默特右旗 , 1989-03-02 , 女 , -1
	150222110919169 , 12256513.00 , [150222]内蒙古-固阳县 , 1911-09-19 , 男 , -1
	150222650206225 , 12256535.00 , [150222]内蒙古-固阳县 , 1965-02-06 , 男 , -1
	150222870823936 , 12256544.00 , [150222]内蒙古-固阳县 , 1987-08-23 , 女 , -1
	150223410112356 , 12256566.00 , [150223]内蒙古-达尔罕茂明安联合旗 , 1941-01-12 , 女 , -1
	150223630730625 , 12256575.00 , [150223]内蒙古-达尔罕茂明安联合旗 , 1963-07-30 , 男 , -1
	150300170531809 , 12259697.00 , [150300]内蒙古-乌海市 , 1917-05-31 , 男 , -1
	150300391206436 , 12259706.00 , [150300]内蒙古-乌海市 , 1939-12-06 , 女 , -1
	150300660920089 , 12259717.00 , [150300]内蒙古-乌海市 , 1966-09-20 , 男 , -1
	150301421023504 , 12259748.00 , [150301]内蒙古-市辖区 , 1942-10-23 , 女 , -1
	150302181128841 , 12259779.00 , [150302]内蒙古-海勃湾区 , 1918-11-28 , 男 , -1
	150304020101316 , 12259854.00 , [150304]内蒙古-乌达区 , 1902-01-01 , 女 , -1
	150304780213225 , 12259885.00 , [150304]内蒙古-乌达区 , 1978-02-13 , 男 , -1
	150402090405609 , 12263853.00 , [150402]内蒙古-红山区 , 1909-04-05 , 男 , -1
	150402360210496 , 12263864.00 , [150402]内蒙古-红山区 , 1936-02-10 , 女 , -1
	150403611127225 , 12263915.00 , [150403]内蒙古-元宝山区 , 1961-11-27 , 男 , -1
	150404911105024 , 12263968.00 , [150404]内蒙古-松山区 , 1991-11-05 , 女 , -1
	150421050919876 , 12264626.00 , [150421]内蒙古-阿鲁科尔沁旗 , 1905-09-19 , 女 , -1
	150422130208900 , 12264670.00 , [150422]内蒙古-巴林左旗 , 1913-02-08 , 女 , -1
	150422890619401 , 12264701.00 , [150422]内蒙古-巴林左旗 , 1989-06-19 , 男 , -1
	150423381207841 , 12264721.00 , [150423]内蒙古-巴林右旗 , 1938-12-07 , 男 , -1
	150423651031824 , 12264732.00 , [150423]内蒙古-巴林右旗 , 1965-10-31 , 女 , -1
	150424460505225 , 12264765.00 , [150424]内蒙古-林西县 , 1946-05-05 , 男 , -1
	150424730330176 , 12264776.00 , [150424]内蒙古-林西县 , 1973-03-30 , 女 , -1
	150425220921616 , 12264796.00 , [150425]内蒙古-克什克腾旗 , 1922-09-21 , 女 , -1
	150426300225600 , 12264840.00 , [150426]内蒙古-翁牛特旗 , 1930-02-25 , 女 , -1
	150426790819600 , 12264860.00 , [150426]内蒙古-翁牛特旗 , 1979-08-19 , 女 , -1
	150428360725776 , 12264924.00 , [150428]内蒙古-喀喇沁旗 , 1936-07-25 , 女 , -1
	150429170211849 , 12264957.00 , [150429]内蒙古-宁城县 , 1917-02-11 , 男 , -1
	150429660810529 , 12264977.00 , [150429]内蒙古-宁城县 , 1966-08-10 , 男 , -1
	150430740130441 , 12265021.00 , [150430]内蒙古-敖汉旗 , 1974-01-30 , 男 , -1
	150500560729689 , 12267867.00 , [150500]内蒙古-通辽市 , 1956-07-29 , 男 , -1
	150500830622884 , 12267878.00 , [150500]内蒙古-通辽市 , 1983-06-22 , 女 , -1
	150501100516321 , 12267889.00 , [150501]内蒙古-市辖区 , 1910-05-16 , 男 , -1
	150501640303921 , 12267911.00 , [150501]内蒙古-市辖区 , 1964-03-03 , 男 , -1
	150501861126400 , 12267920.00 , [150501]内蒙古-市辖区 , 1986-11-26 , 女 , -1
	150502131020761 , 12267931.00 , [150502]内蒙古-科尔沁区 , 1913-10-20 , 男 , -1
	150502400915364 , 12267942.00 , [150502]内蒙古-科尔沁区 , 1940-09-15 , 女 , -1
	150502670810209 , 12267953.00 , [150502]内蒙古-科尔沁区 , 1967-08-10 , 男 , -1
	150502940705296 , 12267964.00 , [150502]内蒙古-科尔沁区 , 1994-07-05 , 女 , -1
	150521220526681 , 12268709.00 , [150521]内蒙古-科尔沁左翼中旗 , 1922-05-26 , 男 , -1
	150522521012644 , 12268762.00 , [150522]内蒙古-科尔沁左翼后旗 , 1952-10-12 , 女 , -1
	150522790925529 , 12268773.00 , [150522]内蒙古-科尔沁左翼后旗 , 1979-09-25 , 男 , -1
	150524410407921 , 12268839.00 , [150524]内蒙古-库伦旗 , 1941-04-07 , 男 , -1
	150524680322500 , 12268850.00 , [150524]内蒙古-库伦旗 , 1968-03-22 , 女 , -1
	150525710907664 , 12268892.00 , [150525]内蒙古-奈曼旗 , 1971-09-07 , 女 , -1
	150525980823409 , 12268903.00 , [150525]内蒙古-奈曼旗 , 1998-08-23 , 男 , -1
	150581760422976 , 12271176.00 , [150581]内蒙古-霍林郭勒市 , 1976-04-22 , 女 , -1
	150601100417296 , 12271964.00 , [150601]内蒙古-市辖区 , 1910-04-17 , 女 , -1
	150602720320900 , 12272030.00 , [150602]内蒙古-东胜区 , 1972-03-20 , 女 , -1
	150602941217521 , 12272039.00 , [150602]内蒙古-东胜区 , 1994-12-17 , 男 , -1
	150602990305681 , 12272041.00 , [150602]内蒙古-东胜区 , 1999-03-05 , 男 , -1
	150625890804676 , 12272974.00 , [150625]内蒙古-杭锦旗 , 1989-08-04 , 女 , -1
	150626160810225 , 12272985.00 , [150626]内蒙古-乌审旗 , 1916-08-10 , 男 , -1
	150626430816016 , 12272996.00 , [150626]内蒙古-乌审旗 , 1943-08-16 , 女 , -1
	150626700822049 , 12273007.00 , [150626]内蒙古-乌审旗 , 1970-08-22 , 男 , -1
	150626970828324 , 12273018.00 , [150626]内蒙古-乌审旗 , 1997-08-28 , 女 , -1
	150700470624144 , 12276012.00 , [150700]内蒙古-呼伦贝尔市 , 1947-06-24 , 女 , -1
	150701550915136 , 12276056.00 , [150701]内蒙古-市辖区 , 1955-09-15 , 女 , -1
	150702680314404 , 12276102.00 , [150702]内蒙古-海拉尔区 , 1968-03-14 , 女 , -1
	150722691024889 , 12276917.00 , [150722]内蒙古-莫力达瓦达斡尔族自治旗 , 1969-10-24 , 男 , -1
	150722961117184 , 12276928.00 , [150722]内蒙古-莫力达瓦达斡尔族自治旗 , 1996-11-17 , 女 , -1
	150723010224900 , 12276930.00 , [150723]内蒙古-鄂伦春自治旗 , 1901-02-24 , 女 , -1
	150723231209721 , 12276939.00 , [150723]内蒙古-鄂伦春自治旗 , 1923-12-09 , 男 , -1
	150723280317481 , 12276941.00 , [150723]内蒙古-鄂伦春自治旗 , 1928-03-17 , 男 , -1
	150723550410304 , 12276952.00 , [150723]内蒙古-鄂伦春自治旗 , 1955-04-10 , 女 , -1
	150723820503369 , 12276963.00 , [150723]内蒙古-鄂伦春自治旗 , 1982-05-03 , 男 , -1
	150782731127044 , 12279362.00 , [150782]内蒙古-牙克石市 , 1973-11-27 , 女 , -1
	150783860830464 , 12279408.00 , [150783]内蒙古-扎兰屯市 , 1986-08-30 , 女 , -1
	150784401124900 , 12279430.00 , [150784]内蒙古-额尔古纳市 , 1940-11-24 , 女 , -1
	150785850101121 , 12279489.00 , [150785]内蒙古-根河市 , 1985-01-01 , 男 , -1
	150800291125929 , 12280077.00 , [150800]内蒙古-巴彦淖尔市 , 1929-11-25 , 男 , -1
	150800610408100 , 12280090.00 , [150800]内蒙古-巴彦淖尔市 , 1961-04-08 , 女 , -1
	150801961221025 , 12280145.00 , [150801]内蒙古-市辖区 , 1996-12-21 , 男 , -1
	150802280504964 , 12280158.00 , [150802]内蒙古-临河区 , 1928-05-04 , 女 , -1
	150821020608241 , 12280921.00 , [150821]内蒙古-五原县 , 1902-06-08 , 男 , -1
	150822690818121 , 12280989.00 , [150822]内蒙古-磴口县 , 1969-08-18 , 男 , -1
	150823010124004 , 12281002.00 , [150823]内蒙古-乌拉特前旗 , 1901-01-24 , 女 , -1
	150823280306169 , 12281013.00 , [150823]内蒙古-乌拉特前旗 , 1928-03-06 , 男 , -1
	150824631220624 , 12281068.00 , [150824]内蒙古-乌拉特中旗 , 1963-12-20 , 女 , -1
	150824950528561 , 12281081.00 , [150824]内蒙古-乌拉特中旗 , 1995-05-28 , 男 , -1
	150825220712464 , 12281092.00 , [150825]内蒙古-乌拉特后旗 , 1922-07-12 , 女 , -1
	150825810205456 , 12281116.00 , [150825]内蒙古-乌拉特后旗 , 1981-02-05 , 女 , -1
	150900120107881 , 12284141.00 , [150900]内蒙古-乌兰察布市 , 1912-01-07 , 男 , -1
	150900341222500 , 12284150.00 , [150900]内蒙古-乌兰察布市 , 1934-12-22 , 女 , -1
	150900660610569 , 12284163.00 , [150900]内蒙古-乌兰察布市 , 1966-06-10 , 男 , -1
	150901201114225 , 12284185.00 , [150901]内蒙古-市辖区 , 1920-11-14 , 男 , -1
	150901520503204 , 12284198.00 , [150901]内蒙古-市辖区 , 1952-05-03 , 女 , -1
	150902061008400 , 12284220.00 , [150902]内蒙古-集宁区 , 1906-10-08 , 女 , -1
	150902920905025 , 12284255.00 , [150902]内蒙古-集宁区 , 1992-09-05 , 男 , -1
	150921200430001 , 12284999.00 , [150921]内蒙古-卓资县 , 1920-04-30 , 男 , -1
	150921790110529 , 12285023.00 , [150921]内蒙古-卓资县 , 1979-01-10 , 男 , -1
	150922600923136 , 12285056.00 , [150922]内蒙古-化德县 , 1960-09-23 , 女 , -1
	150923190606400 , 12285080.00 , [150923]内蒙古-商都县 , 1919-06-06 , 女 , -1
	150924591108769 , 12285137.00 , [150924]内蒙古-兴和县 , 1959-11-08 , 男 , -1
	150924910522500 , 12285150.00 , [150924]内蒙古-兴和县 , 1991-05-22 , 女 , -1
	150925500210276 , 12285174.00 , [150925]内蒙古-凉城县 , 1950-02-10 , 女 , -1
	150926900723361 , 12285231.00 , [150926]内蒙古-察哈尔右翼前旗 , 1990-07-23 , 男 , -1
	150927490415025 , 12285255.00 , [150927]内蒙古-察哈尔右翼中旗 , 1949-04-15 , 男 , -1
	150928080107841 , 12285279.00 , [150928]内蒙古-察哈尔右翼后旗 , 1908-01-07 , 男 , -1
	150929161214329 , 12285323.00 , [150929]内蒙古-四子王旗 , 1916-12-14 , 男 , -1
	150929750910409 , 12285347.00 , [150929]内蒙古-四子王旗 , 1975-09-10 , 男 , -1
	150981230903364 , 12287442.00 , [150981]内蒙古-丰镇市 , 1923-09-03 , 女 , -1
	150981501227209 , 12287453.00 , [150981]内蒙古-丰镇市 , 1950-12-27 , 男 , -1
	150981820701156 , 12287466.00 , [150981]内蒙古-丰镇市 , 1982-07-01 , 女 , -1
	152200310628601 , 12336949.00 , [152200]内蒙古-兴安盟 , 1931-06-28 , 男 , -1
	152201470304016 , 12336996.00 , [152201]内蒙古-乌兰浩特市 , 1947-03-04 , 女 , -1
	152201840414121 , 12337011.00 , [152201]内蒙古-乌兰浩特市 , 1984-04-14 , 男 , -1
	152202210524676 , 12337026.00 , [152202]内蒙古-阿尔山市 , 1921-05-24 , 女 , -1
	152221530920481 , 12337809.00 , [152221]内蒙古-科尔沁右翼前旗 , 1953-09-20 , 男 , -1
	152221950406276 , 12337826.00 , [152221]内蒙古-科尔沁右翼前旗 , 1995-04-06 , 女 , -1
	152223060812641 , 12337871.00 , [152223]内蒙古-扎赉特旗 , 1906-08-12 , 男 , -1
	152224171223056 , 12337916.00 , [152224]内蒙古-突泉县 , 1917-12-23 , 女 , -1
	152224590712489 , 12337933.00 , [152224]内蒙古-突泉县 , 1959-07-12 , 男 , -1
	152500320206404 , 12349102.00 , [152500]内蒙古-锡林郭勒盟 , 1932-02-06 , 女 , -1
	152501481024201 , 12349149.00 , [152501]内蒙古-二连浩特市 , 1948-10-24 , 男 , -1
	152501530420801 , 12349151.00 , [152501]内蒙古-二连浩特市 , 1953-04-20 , 男 , -1
	152523290401024 , 12350032.00 , [152523]内蒙古-苏尼特左旗 , 1929-04-01 , 女 , -1
	152523660902209 , 12350047.00 , [152523]内蒙古-苏尼特左旗 , 1966-09-02 , 男 , -1
	152523710302401 , 12350049.00 , [152523]内蒙古-苏尼特左旗 , 1971-03-02 , 男 , -1
	152524080804096 , 12350064.00 , [152524]内蒙古-苏尼特右旗 , 1908-08-04 , 女 , -1
	152524130204356 , 12350066.00 , [152524]内蒙古-苏尼特右旗 , 1913-02-04 , 女 , -1
	152524500706561 , 12350081.00 , [152524]内蒙古-苏尼特右旗 , 1950-07-06 , 男 , -1
	152524550106889 , 12350083.00 , [152524]内蒙古-苏尼特右旗 , 1955-01-06 , 男 , -1
	152524871209216 , 12350096.00 , [152524]内蒙古-苏尼特右旗 , 1987-12-09 , 女 , -1
	152524920609604 , 12350098.00 , [152524]内蒙古-苏尼特右旗 , 1992-06-09 , 女 , -1
	152525291112769 , 12350113.00 , [152525]内蒙古-东乌珠穆沁旗 , 1929-11-12 , 男 , -1
	152525340513225 , 12350115.00 , [152525]内蒙古-东乌珠穆沁旗 , 1934-05-13 , 男 , -1
	152525711016900 , 12350130.00 , [152525]内蒙古-东乌珠穆沁旗 , 1971-10-16 , 女 , -1
	152525760417424 , 12350132.00 , [152525]内蒙古-东乌珠穆沁旗 , 1976-04-17 , 女 , -1
	152526130921609 , 12350147.00 , [152526]内蒙古-西乌珠穆沁旗 , 1913-09-21 , 男 , -1
	152526180322201 , 12350149.00 , [152526]内蒙古-西乌珠穆沁旗 , 1918-03-22 , 男 , -1
	152526550826896 , 12350164.00 , [152526]内蒙古-西乌珠穆沁旗 , 1955-08-26 , 女 , -1
	152526600227556 , 12350166.00 , [152526]内蒙古-西乌珠穆沁旗 , 1960-02-27 , 女 , -1
	152530651108900 , 12350330.00 , [152530]内蒙古-正蓝旗 , 1965-11-08 , 女 , -1
	152530700510224 , 12350332.00 , [152530]内蒙古-正蓝旗 , 1970-05-10 , 女 , -1
	152531071020409 , 12350347.00 , [152531]内蒙古-多伦县 , 1907-10-20 , 男 , -1
	152531120421801 , 12350349.00 , [152531]内蒙古-多伦县 , 1912-04-21 , 男 , -1
	152900990318596 , 12365314.00 , [152900]内蒙古-阿拉善盟 , 1999-03-18 , 女 , -1
	152921270105956 , 12366134.00 , [152921]内蒙古-阿拉善左旗 , 1927-01-05 , 女 , -1
	152922111004224 , 12366168.00 , [152922]内蒙古-阿拉善右旗 , 1911-10-04 , 女 , -1
	152922580918969 , 12366187.00 , [152922]内蒙古-阿拉善右旗 , 1958-09-18 , 男 , -1
	152923570215529 , 12366227.00 , [152923]内蒙古-额济纳旗 , 1957-02-15 , 男 , -1
	152923941202564 , 12366242.00 , [152923]内蒙古-额济纳旗 , 1994-12-02 , 女 , -1
	210000760908409 , 14491403.00 , [210000]辽宁-辽宁省 , 1976-09-08 , 男 , -1
	210111170924944 , 14495212.00 , [210111]辽宁-苏家屯区 , 1917-09-24 , 女 , -1
	210111460829284 , 14495222.00 , [210111]辽宁-苏家屯区 , 1946-08-29 , 女 , -1
	210114910706281 , 14495341.00 , [210114]辽宁-于洪区 , 1991-07-06 , 男 , -1
	210122941201924 , 14495618.00 , [210122]辽宁-辽中县 , 1994-12-01 , 女 , -1
	210123231114384 , 14495628.00 , [210123]辽宁-康平县 , 1923-11-14 , 女 , -1
	210123260105641 , 14495629.00 , [210123]辽宁-康平县 , 1926-01-05 , 男 , -1
	210123521027044 , 14495638.00 , [210123]辽宁-康平县 , 1952-10-27 , 女 , -1
	210200470917264 , 14498292.00 , [210200]辽宁-大连市 , 1947-09-17 , 女 , -1
	210201340815684 , 14498322.00 , [210201]辽宁-市辖区 , 1934-08-15 , 女 , -1
	210202210715904 , 14498352.00 , [210202]辽宁-中山区 , 1921-07-15 , 女 , -1
	210203080617924 , 14498382.00 , [210203]辽宁-西岗区 , 1908-06-17 , 女 , -1
	210203950521744 , 14498412.00 , [210203]辽宁-西岗区 , 1995-05-21 , 女 , -1
	210204820427364 , 14498442.00 , [210204]辽宁-沙河口区 , 1982-04-27 , 女 , -1
	210212040713481 , 14498691.00 , [210212]辽宁-旅顺口区 , 1904-07-13 , 男 , -1
	210213200610361 , 14498731.00 , [210213]辽宁-金州区 , 1920-06-10 , 男 , -1
	210281930212201 , 14501101.00 , [210281]辽宁-瓦房店市 , 1993-02-12 , 男 , -1
	210283090301881 , 14501141.00 , [210283]辽宁-庄河市 , 1909-03-01 , 男 , -1
	210283380324801 , 14501151.00 , [210283]辽宁-庄河市 , 1938-03-24 , 男 , -1
	210301101104644 , 14501762.00 , [210301]辽宁-市辖区 , 1910-11-04 , 女 , -1
	210301130108169 , 14501763.00 , [210301]辽宁-市辖区 , 1913-01-08 , 男 , -1
	210301971211264 , 14501792.00 , [210301]辽宁-市辖区 , 1997-12-11 , 女 , -1
	210302000214849 , 14501793.00 , [210302]辽宁-铁东区 , 1900-02-14 , 男 , -1
	210302870323329 , 14501823.00 , [210302]辽宁-铁东区 , 1987-03-23 , 男 , -1
	210304320508129 , 14501873.00 , [210304]辽宁-立山区 , 1932-05-08 , 男 , -1
	210311020426816 , 14502104.00 , [210311]辽宁-千山区 , 1902-04-26 , 女 , -1
	210311600511376 , 14502124.00 , [210311]辽宁-千山区 , 1960-05-11 , 女 , -1
	210321201027025 , 14502455.00 , [210321]辽宁-台安县 , 1920-10-27 , 男 , -1
	210321781125625 , 14502475.00 , [210321]辽宁-台安县 , 1978-11-25 , 男 , -1
	210321810130576 , 14502476.00 , [210321]辽宁-台安县 , 1981-01-30 , 女 , -1
	210381100430400 , 14504520.00 , [210381]辽宁-海城市 , 1910-04-30 , 女 , -1
	210381390520900 , 14504530.00 , [210381]辽宁-海城市 , 1939-05-20 , 女 , -1
	210381680611600 , 14504540.00 , [210381]辽宁-海城市 , 1968-06-11 , 女 , -1
	210381970702500 , 14504550.00 , [210381]辽宁-海城市 , 1997-07-02 , 女 , -1
	210401001102436 , 14505206.00 , [210401]辽宁-市辖区 , 1900-11-02 , 女 , -1
	210401030112849 , 14505207.00 , [210401]辽宁-市辖区 , 1903-01-12 , 男 , -1
	210401291206656 , 14505216.00 , [210401]辽宁-市辖区 , 1929-12-06 , 女 , -1
	210401320217089 , 14505217.00 , [210401]辽宁-市辖区 , 1932-02-17 , 男 , -1
	210401610321529 , 14505227.00 , [210401]辽宁-市辖区 , 1961-03-21 , 男 , -1
	210401900426169 , 14505237.00 , [210401]辽宁-市辖区 , 1990-04-26 , 男 , -1
	210402190531009 , 14505247.00 , [210402]辽宁-新抚区 , 1919-05-31 , 男 , -1
	210411270913600 , 14505560.00 , [210411]辽宁-顺城区 , 1927-09-13 , 女 , -1
	210411561024900 , 14505570.00 , [210411]辽宁-顺城区 , 1956-10-24 , 女 , -1
	210421860105625 , 14505925.00 , [210421]辽宁-抚顺县 , 1986-01-05 , 男 , -1
	210422121212356 , 14505934.00 , [210422]辽宁-新宾满族自治县 , 1912-12-12 , 女 , -1
	210422150224225 , 14505935.00 , [210422]辽宁-新宾满族自治县 , 1915-02-24 , 男 , -1
	210423600820225 , 14505985.00 , [210423]辽宁-清原满族自治县 , 1960-08-20 , 男 , -1
	210500750718736 , 14508644.00 , [210500]辽宁-本溪市 , 1975-07-18 , 女 , -1
	210501940429225 , 14508685.00 , [210501]辽宁-市辖区 , 1994-04-29 , 男 , -1
	210502230603025 , 14508695.00 , [210502]辽宁-平山区 , 1923-06-03 , 男 , -1
	210503101125625 , 14508725.00 , [210503]辽宁-溪湖区 , 1910-11-25 , 男 , -1
	210503420317696 , 14508736.00 , [210503]辽宁-溪湖区 , 1942-03-17 , 女 , -1
	210504581018176 , 14508776.00 , [210504]辽宁-明山区 , 1958-10-18 , 女 , -1
	210504900211369 , 14508787.00 , [210504]辽宁-明山区 , 1990-02-11 , 男 , -1
	210522020928129 , 14509377.00 , [210522]辽宁-桓仁满族自治县 , 1902-09-28 , 男 , -1
	210522311115769 , 14509387.00 , [210522]辽宁-桓仁满族自治县 , 1931-11-15 , 男 , -1
	210522630322404 , 14509398.00 , [210522]辽宁-桓仁满族自治县 , 1963-03-22 , 女 , -1
	210522920510464 , 14509408.00 , [210522]辽宁-桓仁满族自治县 , 1992-05-10 , 女 , -1
	210600320805625 , 14512075.00 , [210600]辽宁-丹东市 , 1932-08-05 , 男 , -1
	210600930313216 , 14512096.00 , [210600]辽宁-丹东市 , 1993-03-13 , 女 , -1
	210602120306769 , 14512137.00 , [210602]辽宁-元宝区 , 1912-03-06 , 男 , -1
	210603310303684 , 14512178.00 , [210603]辽宁-振兴区 , 1931-03-03 , 女 , -1
	210604500303961 , 14512219.00 , [210604]辽宁-振安区 , 1950-03-03 , 男 , -1
	210624150306816 , 14512896.00 , [210624]辽宁-宽甸满族自治县 , 1915-03-06 , 女 , -1
	210624730823056 , 14512916.00 , [210624]辽宁-宽甸满族自治县 , 1973-08-23 , 女 , -1
	210681160819600 , 14514860.00 , [210681]辽宁-东港市 , 1916-08-19 , 女 , -1
	210681451116900 , 14514870.00 , [210681]辽宁-东港市 , 1945-11-16 , 女 , -1
	210700640211961 , 14515531.00 , [210700]辽宁-锦州市 , 1964-02-11 , 男 , -1
	210700930522681 , 14515541.00 , [210700]辽宁-锦州市 , 1993-05-22 , 男 , -1
	210702411110464 , 14515592.00 , [210702]辽宁-古塔区 , 1941-11-10 , 女 , -1
	210703340109376 , 14515624.00 , [210703]辽宁-凌河区 , 1934-01-09 , 女 , -1
	210703630421956 , 14515634.00 , [210703]辽宁-凌河区 , 1963-04-21 , 女 , -1
	210711730223569 , 14515913.00 , [210711]辽宁-太和区 , 1973-02-23 , 男 , -1
	210726101222464 , 14516408.00 , [210726]辽宁-黑山县 , 1910-12-22 , 女 , -1
	210726710912041 , 14516429.00 , [210726]辽宁-黑山县 , 1971-09-12 , 男 , -1
	210727320602500 , 14516450.00 , [210727]辽宁-义县 , 1932-06-02 , 女 , -1
	210781760805625 , 14518325.00 , [210781]辽宁-凌海市 , 1976-08-05 , 男 , -1
	210782080208896 , 14518336.00 , [210782]辽宁-北镇市 , 1908-02-08 , 女 , -1
	210800460822961 , 14518969.00 , [210800]辽宁-营口市 , 1946-08-22 , 男 , -1
	210800751202441 , 14518979.00 , [210800]辽宁-营口市 , 1975-12-02 , 男 , -1
	210801070620100 , 14518990.00 , [210801]辽宁-市辖区 , 1907-06-20 , 女 , -1
	210801680418121 , 14519011.00 , [210801]辽宁-市辖区 , 1968-04-18 , 男 , -1
	210802290217024 , 14519032.00 , [210802]辽宁-站前区 , 1929-02-17 , 女 , -1
	210881600628169 , 14521763.00 , [210881]辽宁-盖州市 , 1960-06-28 , 男 , -1
	210881920107076 , 14521774.00 , [210881]辽宁-盖州市 , 1992-01-07 , 女 , -1
	210900130804801 , 14522401.00 , [210900]辽宁-阜新市 , 1913-08-04 , 男 , -1
	210902280125625 , 14522475.00 , [210902]辽宁-海州区 , 1928-01-25 , 男 , -1
	210902861025025 , 14522495.00 , [210902]辽宁-海州区 , 1986-10-25 , 男 , -1
	210903180520036 , 14522506.00 , [210903]辽宁-新邱区 , 1918-05-20 , 女 , -1
	210904080916369 , 14522537.00 , [210904]辽宁-太平区 , 1908-09-16 , 男 , -1
	210904400412304 , 14522548.00 , [210904]辽宁-太平区 , 1940-04-12 , 女 , -1
	210905300811241 , 14522579.00 , [210905]辽宁-清河门区 , 1930-08-11 , 男 , -1
	210905620308100 , 14522590.00 , [210905]辽宁-清河门区 , 1962-03-08 , 女 , -1
	210921130719376 , 14523124.00 , [210921]辽宁-阜新蒙古族自治县 , 1913-07-19 , 女 , -1
	210921450228225 , 14523135.00 , [210921]辽宁-阜新蒙古族自治县 , 1945-02-28 , 男 , -1
	210922641126976 , 14523176.00 , [210922]辽宁-彰武县 , 1964-11-26 , 女 , -1
	211000260119104 , 14525848.00 , [211000]辽宁-辽阳市 , 1926-01-19 , 女 , -1
	211000870205161 , 14525869.00 , [211000]辽宁-辽阳市 , 1987-02-05 , 男 , -1
	211001160722641 , 14525879.00 , [211001]辽宁-市辖区 , 1916-07-22 , 男 , -1
	211003630129296 , 14525964.00 , [211003]辽宁-文圣区 , 1963-01-29 , 女 , -1
	211004240220225 , 14525985.00 , [211004]辽宁-宏伟区 , 1924-02-20 , 男 , -1
	211004850312036 , 14526006.00 , [211004]辽宁-宏伟区 , 1985-03-12 , 女 , -1
	211005460404729 , 14526027.00 , [211005]辽宁-弓长岭区 , 1946-04-04 , 男 , -1
	211005750925369 , 14526037.00 , [211005]辽宁-弓长岭区 , 1975-09-25 , 男 , -1
	211021381230625 , 14526575.00 , [211021]辽宁-辽阳县 , 1938-12-30 , 男 , -1
	211021700815396 , 14526586.00 , [211021]辽宁-辽阳县 , 1970-08-15 , 女 , -1
	211081060619641 , 14528629.00 , [211081]辽宁-灯塔市 , 1906-06-19 , 男 , -1
	211081670822500 , 14528650.00 , [211081]辽宁-灯塔市 , 1967-08-22 , 女 , -1
	211100180728369 , 14529287.00 , [211100]辽宁-盘锦市 , 1918-07-28 , 男 , -1
	211101110603761 , 14529319.00 , [211101]辽宁-市辖区 , 1911-06-03 , 男 , -1
	211102360127044 , 14529362.00 , [211102]辽宁-双台子区 , 1936-01-27 , 女 , -1
	211102650714384 , 14529372.00 , [211102]辽宁-双台子区 , 1965-07-14 , 女 , -1
	211122120521764 , 14530042.00 , [211122]辽宁-盘山县 , 1912-05-21 , 女 , -1
	211122411122704 , 14530052.00 , [211122]辽宁-盘山县 , 1941-11-22 , 女 , -1
	211200270318361 , 14532731.00 , [211200]辽宁-铁岭市 , 1927-03-18 , 男 , -1
	211201200414169 , 14532763.00 , [211201]辽宁-市辖区 , 1920-04-14 , 男 , -1
	211202130512025 , 14532795.00 , [211202]辽宁-银州区 , 1913-05-12 , 男 , -1
	211204920817881 , 14532891.00 , [211204]辽宁-清河区 , 1992-08-17 , 男 , -1
	211221430504681 , 14533459.00 , [211221]辽宁-铁岭县 , 1943-05-04 , 男 , -1
	211223000121169 , 14533513.00 , [211223]辽宁-西丰县 , 1900-01-21 , 男 , -1
	211223610529156 , 14533534.00 , [211223]辽宁-西丰县 , 1961-05-29 , 女 , -1
	211224860414929 , 14533577.00 , [211224]辽宁-昌图县 , 1986-04-14 , 男 , -1
	211281690523024 , 14535532.00 , [211281]辽宁-调兵山市 , 1969-05-23 , 女 , -1
	211282010304849 , 14535543.00 , [211282]辽宁-开原市 , 1901-03-04 , 男 , -1
	211282301015809 , 14535553.00 , [211282]辽宁-开原市 , 1930-10-15 , 男 , -1
	211300180124224 , 14536168.00 , [211300]辽宁-朝阳市 , 1918-01-24 , 女 , -1
	211322130307929 , 14536923.00 , [211322]辽宁-建平县 , 1913-03-07 , 男 , -1
	211322450120356 , 14536934.00 , [211322]辽宁-建平县 , 1945-01-20 , 女 , -1
	211324020112144 , 14536988.00 , [211324]辽宁-喀喇沁左翼蒙古族自治县 , 1902-01-12 , 女 , -1
	211381590505024 , 14538968.00 , [211381]辽宁-北票市 , 1959-05-05 , 女 , -1
	211382230220100 , 14538990.00 , [211382]辽宁-凌源市 , 1923-02-20 , 女 , -1
	211401160408881 , 14539641.00 , [211401]辽宁-市辖区 , 1916-04-08 , 男 , -1
	211401451201801 , 14539651.00 , [211401]辽宁-市辖区 , 1945-12-01 , 男 , -1
	211402410819856 , 14539684.00 , [211402]辽宁-连山区 , 1941-08-19 , 女 , -1
	211403690313984 , 14539728.00 , [211403]辽宁-龙港区 , 1969-03-13 , 女 , -1
	211403981108644 , 14539738.00 , [211403]辽宁-龙港区 , 1998-11-08 , 女 , -1
	211421051105625 , 14540325.00 , [211421]辽宁-绥中县 , 1905-11-05 , 男 , -1
	211481310505609 , 14542397.00 , [211481]辽宁-兴城市 , 1931-05-05 , 男 , -1
	220000030430404 , 14832398.00 , [220000]吉林-吉林省 , 1903-04-30 , 女 , -1
	220000890710329 , 14832427.00 , [220000]吉林-吉林省 , 1989-07-10 , 男 , -1
	220100160507529 , 14835773.00 , [220100]吉林-长春市 , 1916-05-07 , 男 , -1
	220101080326416 , 14835804.00 , [220101]吉林-市辖区 , 1908-03-26 , 女 , -1
	220101940803889 , 14835833.00 , [220101]吉林-市辖区 , 1994-08-03 , 男 , -1
	220102860626496 , 14835864.00 , [220102]吉林-南关区 , 1986-06-26 , 女 , -1
	220103721107449 , 14835893.00 , [220103]吉林-宽城区 , 1972-11-07 , 男 , -1
	220103810122816 , 14835896.00 , [220103]吉林-宽城区 , 1981-01-22 , 女 , -1
	220104670605625 , 14835925.00 , [220104]吉林-朝阳区 , 1967-06-05 , 男 , -1
	220105620105849 , 14835957.00 , [220105]吉林-二道区 , 1962-01-05 , 男 , -1
	220106450920225 , 14835985.00 , [220106]吉林-绿园区 , 1945-09-20 , 男 , -1
	220112860112401 , 14836201.00 , [220112]吉林-双阳区 , 1986-01-12 , 男 , -1
	220122770806225 , 14836535.00 , [220122]吉林-农安县 , 1977-08-06 , 男 , -1
	220181260312036 , 14838506.00 , [220181]吉林-九台市 , 1926-03-12 , 女 , -1
	220182150623296 , 14838536.00 , [220182]吉林-榆树市 , 1915-06-23 , 女 , -1
	220183070613489 , 14838567.00 , [220183]吉林-德惠市 , 1907-06-13 , 男 , -1
	220183960928409 , 14838597.00 , [220183]吉林-德惠市 , 1996-09-28 , 男 , -1
	220183990605604 , 14838598.00 , [220183]吉林-德惠市 , 1999-06-05 , 女 , -1
	220200521114025 , 14839155.00 , [220200]吉林-吉林市 , 1952-11-14 , 男 , -1
	220201470820969 , 14839187.00 , [220201]吉林-市辖区 , 1947-08-20 , 男 , -1
	220202420529961 , 14839219.00 , [220202]吉林-昌邑区 , 1942-05-29 , 男 , -1
	220202450208400 , 14839220.00 , [220202]吉林-昌邑区 , 1945-02-08 , 女 , -1
	220203281205504 , 14839248.00 , [220203]吉林-龙潭区 , 1928-12-05 , 女 , -1
	220204230918400 , 14839280.00 , [220204]吉林-船营区 , 1923-09-18 , 女 , -1
	220211650620900 , 14839530.00 , [220211]吉林-丰满区 , 1965-06-20 , 女 , -1
	220283450118601 , 14841949.00 , [220283]吉林-舒兰市 , 1945-01-18 , 男 , -1
	220284370320400 , 14841980.00 , [220284]吉林-磐石市 , 1937-03-20 , 女 , -1
	220300281210256 , 14842516.00 , [220300]吉林-四平市 , 1928-12-10 , 女 , -1
	220301260817401 , 14842549.00 , [220301]吉林-市辖区 , 1926-08-17 , 男 , -1
	220301290502500 , 14842550.00 , [220301]吉林-市辖区 , 1929-05-02 , 女 , -1
	220302240426724 , 14842582.00 , [220302]吉林-铁西区 , 1924-04-26 , 女 , -1
	220302270111889 , 14842583.00 , [220302]吉林-铁西区 , 1927-01-11 , 男 , -1
	220323020531524 , 14843282.00 , [220323]吉林-伊通满族自治县 , 1902-05-31 , 女 , -1
	220323050218089 , 14843283.00 , [220323]吉林-伊通满族自治县 , 1905-02-18 , 男 , -1
	220323911129344 , 14843312.00 , [220323]吉林-伊通满族自治县 , 1991-11-29 , 女 , -1
	220323940815969 , 14843313.00 , [220323]吉林-伊通满族自治县 , 1994-08-15 , 男 , -1
	220323970502596 , 14843314.00 , [220323]吉林-伊通满族自治县 , 1997-05-02 , 女 , -1
	220400331124996 , 14845886.00 , [220400]吉林-辽源市 , 1933-11-24 , 女 , -1
	220400360816769 , 14845887.00 , [220400]吉林-辽源市 , 1936-08-16 , 男 , -1
	220400390508544 , 14845888.00 , [220400]吉林-辽源市 , 1939-05-08 , 女 , -1
	220403240928256 , 14845984.00 , [220403]吉林-西安区 , 1924-09-28 , 女 , -1
	220403270620225 , 14845985.00 , [220403]吉林-西安区 , 1927-06-20 , 男 , -1
	220403300312196 , 14845986.00 , [220403]吉林-西安区 , 1930-03-12 , 女 , -1
	220422541129956 , 14846634.00 , [220422]吉林-东辽县 , 1954-11-29 , 女 , -1
	220422570823225 , 14846635.00 , [220422]吉林-东辽县 , 1957-08-23 , 男 , -1
	220422600516496 , 14846636.00 , [220422]吉林-东辽县 , 1960-05-16 , 女 , -1
	220422630209769 , 14846637.00 , [220422]吉林-东辽县 , 1963-02-09 , 男 , -1
	220503611204496 , 14849364.00 , [220503]吉林-二道江区 , 1961-12-04 , 女 , -1
	220503640903225 , 14849365.00 , [220503]吉林-二道江区 , 1964-09-03 , 男 , -1
	220503670601956 , 14849366.00 , [220503]吉林-二道江区 , 1967-06-01 , 女 , -1
	220521401101369 , 14849963.00 , [220521]吉林-通化县 , 1940-11-01 , 男 , -1
	220521430801296 , 14849964.00 , [220521]吉林-通化县 , 1943-08-01 , 女 , -1
	220521460501225 , 14849965.00 , [220521]吉林-通化县 , 1946-05-01 , 男 , -1
	220521490201156 , 14849966.00 , [220521]吉林-通化县 , 1949-02-01 , 女 , -1
	220523450401024 , 14850032.00 , [220523]吉林-辉南县 , 1945-04-01 , 女 , -1
	220523480101089 , 14850033.00 , [220523]吉林-辉南县 , 1948-01-01 , 男 , -1
	220524371103969 , 14850063.00 , [220524]吉林-柳河县 , 1937-11-03 , 男 , -1
	220524400804096 , 14850064.00 , [220524]吉林-柳河县 , 1940-08-04 , 女 , -1
	220524430504225 , 14850065.00 , [220524]吉林-柳河县 , 1943-05-04 , 男 , -1
	220524460204356 , 14850066.00 , [220524]吉林-柳河县 , 1946-02-04 , 女 , -1
	220581191104576 , 14851976.00 , [220581]吉林-梅河口市 , 1919-11-04 , 女 , -1
	220581220808529 , 14851977.00 , [220581]吉林-梅河口市 , 1922-08-08 , 男 , -1
	220581250512484 , 14851978.00 , [220581]吉林-梅河口市 , 1925-05-12 , 女 , -1
	220581280216441 , 14851979.00 , [220581]吉林-梅河口市 , 1928-02-16 , 男 , -1
	220602311119969 , 14852687.00 , [220602]吉林-八道江区 , 1931-11-19 , 男 , -1
	220602340825344 , 14852688.00 , [220602]吉林-八道江区 , 1934-08-25 , 女 , -1
	220602370530721 , 14852689.00 , [220602]吉林-八道江区 , 1937-05-30 , 男 , -1
	220621501208889 , 14853333.00 , [220621]吉林-抚松县 , 1950-12-08 , 男 , -1
	220621530915556 , 14853334.00 , [220621]吉林-抚松县 , 1953-09-15 , 女 , -1
	220621560622225 , 14853335.00 , [220621]吉林-抚松县 , 1956-06-22 , 男 , -1
	220621590328896 , 14853336.00 , [220621]吉林-抚松县 , 1959-03-28 , 女 , -1
	220681691018881 , 14855359.00 , [220681]吉林-临江市 , 1969-10-18 , 男 , -1
	220681720729600 , 14855360.00 , [220681]吉林-临江市 , 1972-07-29 , 女 , -1
	220700260608256 , 14855984.00 , [220700]吉林-松原市 , 1926-06-08 , 女 , -1
	220700290320225 , 14855985.00 , [220700]吉林-松原市 , 1929-03-20 , 男 , -1
	220701241104289 , 14856017.00 , [220701]吉林-市辖区 , 1924-11-04 , 男 , -1
	220701270816324 , 14856018.00 , [220701]吉林-市辖区 , 1927-08-16 , 女 , -1
	220701300528361 , 14856019.00 , [220701]吉林-市辖区 , 1930-05-28 , 男 , -1
	220702281026704 , 14856052.00 , [220702]吉林-宁江区 , 1928-10-26 , 女 , -1
	220722010304656 , 14856716.00 , [220722]吉林-长岭县 , 1901-03-04 , 女 , -1
	220724001109089 , 14856783.00 , [220724]吉林-扶余县 , 1900-11-09 , 男 , -1
	220724030822656 , 14856784.00 , [220724]吉林-扶余县 , 1903-08-22 , 女 , -1
	220800431016025 , 14859355.00 , [220800]吉林-白城市 , 1943-10-16 , 男 , -1
	220801530609664 , 14859392.00 , [220801]吉林-市辖区 , 1953-06-09 , 女 , -1
	220801560328449 , 14859393.00 , [220801]吉林-市辖区 , 1956-03-28 , 男 , -1
	220802630206041 , 14859429.00 , [220802]吉林-洮北区 , 1963-02-06 , 男 , -1
	220821680404900 , 14860070.00 , [220821]吉林-镇赉县 , 1968-04-04 , 女 , -1
	220821710125041 , 14860071.00 , [220821]吉林-镇赉县 , 1971-01-25 , 男 , -1
	220822720611025 , 14860105.00 , [220822]吉林-通榆县 , 1972-06-11 , 男 , -1
	220822750331236 , 14860106.00 , [220822]吉林-通榆县 , 1975-03-31 , 女 , -1
	220881540823056 , 14862084.00 , [220881]吉林-洮南市 , 1954-08-23 , 女 , -1
	220882640618641 , 14862121.00 , [220882]吉林-大安市 , 1964-06-18 , 男 , -1
	222400670914816 , 14913104.00 , [222400]吉林-延边朝鲜族自治州 , 1967-09-14 , 女 , -1
	222400790219664 , 14913108.00 , [222400]吉林-延边朝鲜族自治州 , 1979-02-19 , 女 , -1
	222402371011921 , 14913161.00 , [222402]吉林-图们市 , 1937-10-11 , 男 , -1
	222402490317225 , 14913165.00 , [222402]吉林-图们市 , 1949-03-17 , 男 , -1
	222404071115524 , 14913218.00 , [222404]吉林-珲春市 , 1907-11-15 , 女 , -1
	222404190421284 , 14913222.00 , [222404]吉林-珲春市 , 1919-04-21 , 女 , -1
	222405771225625 , 14913275.00 , [222405]吉林-龙井市 , 1977-12-25 , 男 , -1
	222405860705284 , 14913278.00 , [222405]吉林-龙井市 , 1986-07-05 , 女 , -1
	222405890531841 , 14913279.00 , [222405]吉林-龙井市 , 1989-05-31 , 男 , -1
	222424860627225 , 14913915.00 , [222424]吉林-汪清县 , 1986-06-27 , 男 , -1
	222424950110724 , 14913918.00 , [222424]吉林-汪清县 , 1995-01-10 , 女 , -1
	222426560816784 , 14913972.00 , [222426]吉林-安图县 , 1956-08-16 , 女 , -1
	222426680128576 , 14913976.00 , [222426]吉林-安图县 , 1968-01-28 , 女 , -1
	230000701019076 , 15165774.00 , [230000]黑龙江-黑龙江省 , 1970-10-19 , 女 , -1
	230100320607364 , 15169058.00 , [230100]黑龙江-哈尔滨市 , 1932-06-07 , 女 , -1
	230101200413569 , 15169087.00 , [230101]黑龙江-市辖区 , 1920-04-13 , 男 , -1
	230102080221456 , 15169116.00 , [230102]黑龙江-道里区 , 1908-02-21 , 女 , -1
	230103020707609 , 15169147.00 , [230103]黑龙江-南岗区 , 1902-07-07 , 男 , -1
	230103900518976 , 15169176.00 , [230103]黑龙江-南岗区 , 1990-05-18 , 女 , -1
	230104841008849 , 15169207.00 , [230104]黑龙江-道外区 , 1984-10-08 , 男 , -1
	230108390616976 , 15169324.00 , [230108]黑龙江-平房区 , 1939-06-16 , 女 , -1
	230109331116025 , 15169355.00 , [230109]黑龙江-松北区 , 1933-11-16 , 男 , -1
	230111060425744 , 15169412.00 , [230111]黑龙江-呼兰区 , 1906-04-25 , 女 , -1
	230111121103396 , 15169414.00 , [230111]黑龙江-呼兰区 , 1912-11-03 , 女 , -1
	230112000930249 , 15169443.00 , [230112]黑龙江-阿城区 , 1900-09-30 , 男 , -1
	230112850419841 , 15169471.00 , [230112]黑龙江-阿城区 , 1985-04-19 , 男 , -1
	230123590530625 , 15169825.00 , [230123]黑龙江-依兰县 , 1959-05-30 , 男 , -1
	230123651209929 , 15169827.00 , [230123]黑龙江-依兰县 , 1965-12-09 , 男 , -1
	230124500721025 , 15169855.00 , [230124]黑龙江-方正县 , 1950-07-21 , 男 , -1
	230125410913225 , 15169885.00 , [230125]黑龙江-宾县 , 1941-09-13 , 男 , -1
	230126260427569 , 15169913.00 , [230126]黑龙江-巴彦县 , 1926-04-27 , 男 , -1
	230126321107225 , 15169915.00 , [230126]黑龙江-巴彦县 , 1932-11-07 , 男 , -1
	230127170623249 , 15169943.00 , [230127]黑龙江-木兰县 , 1917-06-23 , 男 , -1
	230128080820729 , 15169973.00 , [230128]黑龙江-通河县 , 1908-08-20 , 男 , -1
	230128991020009 , 15170003.00 , [230128]黑龙江-通河县 , 1999-10-20 , 男 , -1
	230129901221089 , 15170033.00 , [230129]黑龙江-延寿县 , 1990-12-21 , 男 , -1
	230182180123536 , 15171756.00 , [230182]黑龙江-双城市 , 1918-01-23 , 女 , -1
	230182240810564 , 15171758.00 , [230182]黑龙江-双城市 , 1924-08-10 , 女 , -1
	230183090429796 , 15171786.00 , [230183]黑龙江-尚志市 , 1909-04-29 , 女 , -1
	230183151116944 , 15171788.00 , [230183]黑龙江-尚志市 , 1915-11-16 , 女 , -1
	230184880704025 , 15171845.00 , [230184]黑龙江-五常市 , 1988-07-04 , 男 , -1
	230200750727424 , 15172368.00 , [230200]黑龙江-齐齐哈尔市 , 1975-07-27 , 女 , -1
	230201630725609 , 15172397.00 , [230201]黑龙江-市辖区 , 1963-07-25 , 男 , -1
	230202510725476 , 15172426.00 , [230202]黑龙江-龙沙区 , 1951-07-25 , 女 , -1
	230203390727025 , 15172455.00 , [230203]黑龙江-建华区 , 1939-07-27 , 男 , -1
	230204270730256 , 15172484.00 , [230204]黑龙江-铁锋区 , 1927-07-30 , 女 , -1
	230206880404900 , 15172570.00 , [230206]黑龙江-富拉尔基区 , 1988-04-04 , 女 , -1
	230207760414801 , 15172599.00 , [230207]黑龙江-碾子山区 , 1976-04-14 , 男 , -1
	230207821105201 , 15172601.00 , [230207]黑龙江-碾子山区 , 1982-11-05 , 男 , -1
	230208640426384 , 15172628.00 , [230208]黑龙江-梅里斯达斡尔族区 , 1964-04-26 , 女 , -1
	230208701116900 , 15172630.00 , [230208]黑龙江-梅里斯达斡尔族区 , 1970-11-16 , 女 , -1
	230221780109721 , 15173061.00 , [230221]黑龙江-龙江县 , 1978-01-09 , 男 , -1
	230221840801969 , 15173063.00 , [230221]黑龙江-龙江县 , 1984-08-01 , 男 , -1
	230223631226884 , 15173122.00 , [230223]黑龙江-依安县 , 1963-12-26 , 女 , -1
	230224480922500 , 15173150.00 , [230224]黑龙江-泰来县 , 1948-09-22 , 女 , -1
	230225330619684 , 15173178.00 , [230225]黑龙江-甘南县 , 1933-06-19 , 女 , -1
	230227090711696 , 15173236.00 , [230227]黑龙江-富裕县 , 1909-07-11 , 女 , -1
	230227940413696 , 15173264.00 , [230227]黑龙江-富裕县 , 1994-04-13 , 女 , -1
	230229700515684 , 15173322.00 , [230229]黑龙江-克山县 , 1970-05-15 , 女 , -1
	230229761208976 , 15173324.00 , [230229]黑龙江-克山县 , 1976-12-08 , 女 , -1
	230230550222500 , 15173350.00 , [230230]黑龙江-克东县 , 1955-02-22 , 女 , -1
	230230610915904 , 15173352.00 , [230230]黑龙江-克东县 , 1961-09-15 , 女 , -1
	230231460624400 , 15173380.00 , [230231]黑龙江-拜泉县 , 1946-06-24 , 女 , -1
	230281960401936 , 15175044.00 , [230281]黑龙江-讷河市 , 1996-04-01 , 女 , -1
	230300110112164 , 15175642.00 , [230300]黑龙江-鸡西市 , 1911-01-12 , 女 , -1
	230300170814736 , 15175644.00 , [230300]黑龙江-鸡西市 , 1917-08-14 , 女 , -1
	230301051002929 , 15175673.00 , [230301]黑龙江-市辖区 , 1905-10-02 , 男 , -1
	230302720329984 , 15175728.00 , [230302]黑龙江-鸡冠区 , 1972-03-29 , 女 , -1
	230303600523049 , 15175757.00 , [230303]黑龙江-恒山区 , 1960-05-23 , 男 , -1
	230303661226081 , 15175759.00 , [230303]黑龙江-恒山区 , 1966-12-26 , 男 , -1
	230304480717796 , 15175786.00 , [230304]黑龙江-滴道区 , 1948-07-17 , 女 , -1
	230305300210969 , 15175813.00 , [230305]黑龙江-梨树区 , 1930-02-10 , 男 , -1
	230305360914225 , 15175815.00 , [230305]黑龙江-梨树区 , 1936-09-14 , 男 , -1
	230306180408964 , 15175842.00 , [230306]黑龙江-城子河区 , 1918-04-08 , 女 , -1
	230306241112336 , 15175844.00 , [230306]黑龙江-城子河区 , 1924-11-12 , 女 , -1
	230307060608641 , 15175871.00 , [230307]黑龙江-麻山区 , 1906-06-08 , 男 , -1
	230307880106404 , 15175898.00 , [230307]黑龙江-麻山区 , 1988-01-06 , 女 , -1
	230381610518929 , 15178327.00 , [230381]黑龙江-虎林市 , 1961-05-18 , 男 , -1
	230382460506025 , 15178355.00 , [230382]黑龙江-密山市 , 1946-05-06 , 男 , -1
	230382521219449 , 15178357.00 , [230382]黑龙江-密山市 , 1952-12-19 , 男 , -1
	230401160618841 , 15178971.00 , [230401]黑龙江-市辖区 , 1916-06-18 , 男 , -1
	230402830308676 , 15179026.00 , [230402]黑龙江-向阳区 , 1983-03-08 , 女 , -1
	230402891024784 , 15179028.00 , [230402]黑龙江-向阳区 , 1989-10-24 , 女 , -1
	230404560720889 , 15179083.00 , [230404]黑龙江-南山区 , 1956-07-20 , 男 , -1
	230405441108544 , 15179112.00 , [230405]黑龙江-兴安区 , 1944-11-08 , 女 , -1
	230406230423044 , 15179138.00 , [230406]黑龙江-东山区 , 1923-04-23 , 女 , -1
	230407110813889 , 15179167.00 , [230407]黑龙江-兴山区 , 1911-08-13 , 男 , -1
	230407900131249 , 15179193.00 , [230407]黑龙江-兴山区 , 1990-01-31 , 男 , -1
	230407991206416 , 15179196.00 , [230407]黑龙江-兴山区 , 1999-12-06 , 女 , -1
	230421470529600 , 15179640.00 , [230421]黑龙江-萝北县 , 1947-05-29 , 女 , -1
	230500320324169 , 15182237.00 , [230500]黑龙江-双鸭山市 , 1932-03-24 , 男 , -1
	230501170530225 , 15182265.00 , [230501]黑龙江-市辖区 , 1917-05-30 , 男 , -1
	230502051102436 , 15182294.00 , [230502]黑龙江-尖山区 , 1905-11-02 , 女 , -1
	230502810217761 , 15182319.00 , [230502]黑龙江-尖山区 , 1981-02-17 , 男 , -1
	230503660428409 , 15182347.00 , [230503]黑龙江-岭东区 , 1966-04-28 , 男 , -1
	230505300124801 , 15182401.00 , [230505]黑龙江-四方台区 , 1930-01-24 , 男 , -1
	230505391219216 , 15182404.00 , [230505]黑龙江-四方台区 , 1939-12-19 , 女 , -1
	230506180704900 , 15182430.00 , [230506]黑龙江-宝山区 , 1918-07-04 , 女 , -1
	230521150823929 , 15182923.00 , [230521]黑龙江-集贤县 , 1915-08-23 , 男 , -1
	230521970702500 , 15182950.00 , [230521]黑龙江-集贤县 , 1997-07-02 , 女 , -1
	230522760216576 , 15182976.00 , [230522]黑龙江-友谊县 , 1976-02-16 , 女 , -1
	230523640830025 , 15183005.00 , [230523]黑龙江-宝清县 , 1964-08-30 , 男 , -1
	230524460713024 , 15183032.00 , [230524]黑龙江-饶河县 , 1946-07-13 , 女 , -1
	230600291009841 , 15185529.00 , [230600]黑龙江-大庆市 , 1929-10-09 , 男 , -1
	230601111029136 , 15185556.00 , [230601]黑龙江-市辖区 , 1911-10-29 , 女 , -1
	230601870307561 , 15185581.00 , [230601]黑龙江-市辖区 , 1987-03-07 , 男 , -1
	230602690329664 , 15185608.00 , [230602]黑龙江-萨尔图区 , 1969-03-29 , 女 , -1
	230603540724496 , 15185636.00 , [230603]黑龙江-龙凤区 , 1954-07-24 , 女 , -1
	230604391120896 , 15185664.00 , [230604]黑龙江-让胡路区 , 1939-11-20 , 女 , -1
	230605150404721 , 15185689.00 , [230605]黑龙江-红岗区 , 1915-04-04 , 男 , -1
	230606000804089 , 15185717.00 , [230606]黑龙江-大同区 , 1900-08-04 , 男 , -1
	230606851205025 , 15185745.00 , [230606]黑龙江-大同区 , 1985-12-05 , 男 , -1
	230621460123076 , 15186226.00 , [230621]黑龙江-肇州县 , 1946-01-23 , 女 , -1
	230622340925025 , 15186255.00 , [230622]黑龙江-肇源县 , 1934-09-25 , 男 , -1
	230623130610961 , 15186281.00 , [230623]黑龙江-林甸县 , 1913-06-10 , 男 , -1
	230624801104896 , 15186336.00 , [230624]黑龙江-杜尔伯特蒙古族自治县 , 1980-11-04 , 女 , -1
	230700070726596 , 15188814.00 , [230700]黑龙江-伊春市 , 1907-07-26 , 女 , -1
	230700101104225 , 15188815.00 , [230700]黑龙江-伊春市 , 1910-11-04 , 男 , -1
	230700890923281 , 15188841.00 , [230700]黑龙江-伊春市 , 1989-09-23 , 男 , -1
	230701711121424 , 15188868.00 , [230701]黑龙江-市辖区 , 1971-11-21 , 女 , -1
	230704050213025 , 15188945.00 , [230704]黑龙江-友好区 , 1905-02-13 , 男 , -1
	230704870416784 , 15188972.00 , [230704]黑龙江-友好区 , 1987-04-16 , 女 , -1
	230705690622001 , 15188999.00 , [230705]黑龙江-西林区 , 1969-06-22 , 男 , -1
	230706510828676 , 15189026.00 , [230706]黑龙江-翠峦区 , 1951-08-28 , 女 , -1
	230706541206729 , 15189027.00 , [230706]黑龙江-翠峦区 , 1954-12-06 , 男 , -1
	230708060111929 , 15189077.00 , [230708]黑龙江-美溪区 , 1906-01-11 , 男 , -1
	230708880322816 , 15189104.00 , [230708]黑龙江-美溪区 , 1988-03-22 , 女 , -1
	230708910701025 , 15189105.00 , [230708]黑龙江-美溪区 , 1991-07-01 , 男 , -1
	230709730913424 , 15189132.00 , [230709]黑龙江-金山屯区 , 1973-09-13 , 女 , -1
	230710551127281 , 15189159.00 , [230710]黑龙江-五营区 , 1955-11-27 , 男 , -1
	230711280207489 , 15189183.00 , [230711]黑龙江-乌马河区 , 1928-02-07 , 男 , -1
	230712100424100 , 15189210.00 , [230712]黑龙江-汤旺河区 , 1910-04-24 , 女 , -1
	230712130802521 , 15189211.00 , [230712]黑龙江-汤旺河区 , 1913-08-02 , 男 , -1
	230712951020644 , 15189238.00 , [230712]黑龙江-汤旺河区 , 1995-10-20 , 女 , -1
	230713680104644 , 15189262.00 , [230713]黑龙江-带岭区 , 1968-01-04 , 女 , -1
	230714500325521 , 15189289.00 , [230714]黑龙江-乌伊岭区 , 1950-03-25 , 男 , -1
	230714530704100 , 15189290.00 , [230714]黑龙江-乌伊岭区 , 1953-07-04 , 女 , -1
	230715350926489 , 15189317.00 , [230715]黑龙江-红星区 , 1935-09-26 , 男 , -1
	230716930618161 , 15189369.00 , [230716]黑龙江-上甘岭区 , 1993-06-18 , 男 , -1
	230722550718916 , 15189554.00 , [230722]黑龙江-嘉荫县 , 1955-07-18 , 女 , -1
	230781550718016 , 15191496.00 , [230781]黑龙江-铁力市 , 1955-07-18 , 女 , -1
	230781581101009 , 15191497.00 , [230781]黑龙江-铁力市 , 1958-11-01 , 男 , -1
	230803761219529 , 15192227.00 , [230803]黑龙江-向阳区 , 1976-12-19 , 男 , -1
	230804520831504 , 15192252.00 , [230804]黑龙江-前进区 , 1952-08-31 , 女 , -1
	230804551216009 , 15192253.00 , [230804]黑龙江-前进区 , 1955-12-16 , 男 , -1
	230805310829284 , 15192278.00 , [230805]黑龙江-东风区 , 1931-08-29 , 女 , -1
	230805341213841 , 15192279.00 , [230805]黑龙江-东风区 , 1934-12-13 , 男 , -1
	230822691122500 , 15192850.00 , [230822]黑龙江-桦南县 , 1969-11-22 , 女 , -1
	230826550122529 , 15192977.00 , [230826]黑龙江-桦川县 , 1955-01-22 , 男 , -1
	230826580508484 , 15192978.00 , [230826]黑龙江-桦川县 , 1958-05-08 , 女 , -1
	230828950619136 , 15193056.00 , [230828]黑龙江-汤原县 , 1995-06-19 , 女 , -1
	230828981005249 , 15193057.00 , [230828]黑龙江-汤原县 , 1998-10-05 , 男 , -1
	230833630104100 , 15193210.00 , [230833]黑龙江-抚远县 , 1963-01-04 , 女 , -1
	230881430417089 , 15194783.00 , [230881]黑龙江-同江市 , 1943-04-17 , 男 , -1
	230881460806656 , 15194784.00 , [230881]黑龙江-同江市 , 1946-08-06 , 女 , -1
	230900940930625 , 15195425.00 , [230900]黑龙江-七台河市 , 1994-09-30 , 男 , -1
	230901670311601 , 15195449.00 , [230901]黑龙江-市辖区 , 1967-03-11 , 男 , -1
	230901700702500 , 15195450.00 , [230901]黑龙江-市辖区 , 1970-07-02 , 女 , -1
	230904010416676 , 15195526.00 , [230904]黑龙江-茄子河区 , 1901-04-16 , 女 , -1
	230904040807729 , 15195527.00 , [230904]黑龙江-茄子河区 , 1904-08-07 , 男 , -1
	230921060111569 , 15196087.00 , [230921]黑龙江-勃利县 , 1906-01-11 , 男 , -1
	230921090503744 , 15196088.00 , [230921]黑龙江-勃利县 , 1909-05-03 , 女 , -1
	230921850308769 , 15196113.00 , [230921]黑龙江-勃利县 , 1985-03-08 , 男 , -1
	231001180830729 , 15198723.00 , [231001]黑龙江-市辖区 , 1918-08-30 , 男 , -1
	231001211228176 , 15198724.00 , [231001]黑龙江-市辖区 , 1921-12-28 , 女 , -1
	231002670307984 , 15198772.00 , [231002]黑龙江-东安区 , 1967-03-07 , 女 , -1
	231002700705529 , 15198773.00 , [231002]黑龙江-东安区 , 1970-07-05 , 男 , -1
	231002731103076 , 15198774.00 , [231002]黑龙江-东安区 , 1973-11-03 , 女 , -1
	231004950129409 , 15198847.00 , [231004]黑龙江-爱民区 , 1995-01-29 , 男 , -1
	231004980527104 , 15198848.00 , [231004]黑龙江-爱民区 , 1998-05-27 , 女 , -1
	231005010924801 , 15198849.00 , [231005]黑龙江-西安区 , 1901-09-24 , 男 , -1
	231025560225625 , 15199525.00 , [231025]黑龙江-林口县 , 1956-02-25 , 男 , -1
	231025590624676 , 15199526.00 , [231025]黑龙江-林口县 , 1959-06-24 , 女 , -1
	231025621023729 , 15199527.00 , [231025]黑龙江-林口县 , 1962-10-23 , 男 , -1
	231083200419241 , 15201421.00 , [231083]黑龙江-海林市 , 1920-04-19 , 男 , -1
	231083230822084 , 15201422.00 , [231083]黑龙江-海林市 , 1923-08-22 , 女 , -1
	231083261224929 , 15201423.00 , [231083]黑龙江-海林市 , 1926-12-24 , 男 , -1
	231121600803856 , 15202684.00 , [231121]黑龙江-嫩江县 , 1960-08-03 , 女 , -1
	231121631209225 , 15202685.00 , [231121]黑龙江-嫩江县 , 1963-12-09 , 男 , -1
	231123820401049 , 15202757.00 , [231123]黑龙江-逊克县 , 1982-04-01 , 男 , -1
	231123850806564 , 15202758.00 , [231123]黑龙江-逊克县 , 1985-08-06 , 女 , -1
	231123881212081 , 15202759.00 , [231123]黑龙江-逊克县 , 1988-12-12 , 男 , -1
	231181320803904 , 15204648.00 , [231181]黑龙江-北安市 , 1932-08-03 , 女 , -1
	231181351213201 , 15204649.00 , [231181]黑龙江-北安市 , 1935-12-13 , 男 , -1
	231182020218241 , 15204671.00 , [231182]黑龙江-五大连池市 , 1902-02-18 , 男 , -1
	231182050627584 , 15204672.00 , [231182]黑龙江-五大连池市 , 1905-06-27 , 女 , -1
	231200631110089 , 15205283.00 , [231200]黑龙江-绥化市 , 1963-11-10 , 男 , -1
	231202060408900 , 15205330.00 , [231202]黑龙江-北林区 , 1906-04-08 , 女 , -1
	231202090819561 , 15205331.00 , [231202]黑龙江-北林区 , 1909-08-19 , 男 , -1
	231202121230224 , 15205332.00 , [231202]黑龙江-北林区 , 1912-12-30 , 女 , -1
	231222740120100 , 15206010.00 , [231222]黑龙江-兰西县 , 1974-01-20 , 女 , -1
	231223500421225 , 15206035.00 , [231223]黑龙江-青冈县 , 1950-04-21 , 男 , -1
	231224230311481 , 15206059.00 , [231224]黑龙江-庆安县 , 1923-03-11 , 男 , -1
	231224260723600 , 15206060.00 , [231224]黑龙江-庆安县 , 1926-07-23 , 女 , -1
	231224960202889 , 15206083.00 , [231224]黑龙江-庆安县 , 1996-02-02 , 男 , -1
	231224990615056 , 15206084.00 , [231224]黑龙江-庆安县 , 1999-06-15 , 女 , -1
	231225021027225 , 15206085.00 , [231225]黑龙江-明水县 , 1902-10-27 , 男 , -1
	231225720507664 , 15206108.00 , [231225]黑龙江-明水县 , 1972-05-07 , 女 , -1
	231225750919881 , 15206109.00 , [231225]黑龙江-明水县 , 1975-09-19 , 男 , -1
	231226450401424 , 15206132.00 , [231226]黑龙江-绥棱县 , 1945-04-01 , 女 , -1
	231226480813689 , 15206133.00 , [231226]黑龙江-绥棱县 , 1948-08-13 , 男 , -1
	231226511225956 , 15206134.00 , [231226]黑龙江-绥棱县 , 1951-12-25 , 女 , -1
	231281560707136 , 15207944.00 , [231281]黑龙江-安达市 , 1956-07-07 , 女 , -1
	231281591123025 , 15207945.00 , [231281]黑龙江-安达市 , 1959-11-23 , 男 , -1
	231282321104961 , 15207969.00 , [231282]黑龙江-肇东市 , 1932-11-04 , 男 , -1
	232700380430400 , 15254520.00 , [232700]黑龙江-大兴安岭地区 , 1938-04-30 , 女 , -1
	232700960102521 , 15254539.00 , [232700]黑龙江-大兴安岭地区 , 1996-01-02 , 男 , -1
	232700990611600 , 15254540.00 , [232700]黑龙江-大兴安岭地区 , 1999-06-11 , 女 , -1
	232701021120681 , 15254541.00 , [232701]黑龙江-加格达奇区 , 1902-11-20 , 男 , -1
	232703370325924 , 15254618.00 , [232703]黑龙江-新林区 , 1937-03-25 , 女 , -1
	232703980511044 , 15254638.00 , [232703]黑龙江-新林区 , 1998-05-11 , 女 , -1
	232704011020321 , 15254639.00 , [232704]黑龙江-呼中区 , 1901-10-20 , 男 , -1
	232704621206281 , 15254659.00 , [232704]黑龙江-呼中区 , 1962-12-06 , 男 , -1
	232721310102436 , 15255206.00 , [232721]黑龙江-呼玛县 , 1931-01-02 , 女 , -1
	232721340612849 , 15255207.00 , [232721]黑龙江-呼玛县 , 1934-06-12 , 男 , -1
	232721371123264 , 15255208.00 , [232721]黑龙江-呼玛县 , 1937-11-23 , 女 , -1
	232721920311076 , 15255226.00 , [232721]黑龙江-呼玛县 , 1992-03-11 , 女 , -1
	232721950821529 , 15255227.00 , [232721]黑龙江-呼玛县 , 1995-08-21 , 男 , -1
	232722530520516 , 15255246.00 , [232722]黑龙江-塔河县 , 1953-05-20 , 女 , -1
	232722561031009 , 15255247.00 , [232722]黑龙江-塔河县 , 1956-10-31 , 男 , -1
	232723110220225 , 15255265.00 , [232723]黑龙江-漠河县 , 1911-02-20 , 男 , -1
	232723140730756 , 15255266.00 , [232723]黑龙江-漠河县 , 1914-07-30 , 女 , -1
	310000110512400 , 17606820.00 , [310000]上海-上海市 , 1911-05-12 , 女 , -1
	310000920426649 , 17606843.00 , [310000]上海-上海市 , 1992-04-26 , 男 , -1
	310101041018596 , 17609686.00 , [310101]上海-黄浦区 , 1904-10-18 , 女 , -1
	310101780625849 , 17609707.00 , [310101]上海-黄浦区 , 1978-06-25 , 男 , -1
	310103400721009 , 17609753.00 , [310103]上海-卢湾区 , 1940-07-21 , 男 , -1
	310104140331076 , 17609774.00 , [310104]上海-徐汇区 , 1914-03-31 , 女 , -1
	310104281209284 , 17609778.00 , [310104]上海-徐汇区 , 1928-12-09 , 女 , -1
	310105020820401 , 17609799.00 , [310105]上海-长宁区 , 1902-08-20 , 男 , -1
	310106640924025 , 17609845.00 , [310106]上海-静安区 , 1964-09-24 , 男 , -1
	310108261031881 , 17609891.00 , [310108]上海-闸北区 , 1926-10-31 , 男 , -1
	310108930208100 , 17609910.00 , [310108]上海-闸北区 , 1993-02-08 , 女 , -1
	310109810704225 , 17609935.00 , [310109]上海-虹口区 , 1981-07-04 , 男 , -1
	310110550321936 , 17609956.00 , [310110]上海-杨浦区 , 1955-03-21 , 女 , -1
	310110691201600 , 17609960.00 , [310110]上海-杨浦区 , 1969-12-01 , 女 , -1
	310113720122116 , 17610046.00 , [310113]上海-宝山区 , 1972-01-22 , 女 , -1
	310113861002500 , 17610050.00 , [310113]上海-宝山区 , 1986-10-02 , 女 , -1
	310114600625041 , 17610071.00 , [310114]上海-嘉定区 , 1960-06-25 , 男 , -1
	310115481129216 , 17610096.00 , [310115]上海-浦东新区 , 1948-11-29 , 女 , -1
	310116150313225 , 17610115.00 , [310116]上海-金山区 , 1915-03-13 , 男 , -1
	310117030819600 , 17610140.00 , [310117]上海-松江区 , 1903-08-19 , 女 , -1
	310118580513856 , 17610184.00 , [310118]上海-青浦区 , 1958-05-13 , 女 , -1
	310119461023681 , 17610209.00 , [310119]上海-南汇区 , 1946-10-23 , 男 , -1
	310120130211984 , 17610228.00 , [310120]上海-奉贤区 , 1913-02-11 , 女 , -1
	310200121025001 , 17612499.00 , [310200]上海-县 , 1912-10-25 , 男 , -1
	320000221102500 , 17888550.00 , [320000]江苏-江苏省 , 1922-11-02 , 女 , -1
	320000650427844 , 17888562.00 , [320000]江苏-江苏省 , 1965-04-27 , 女 , -1
	320100011212921 , 17891339.00 , [320100]江苏-南京市 , 1901-12-12 , 男 , -1
	320100190126336 , 17891344.00 , [320100]江苏-南京市 , 1919-01-26 , 女 , -1
	320100440605201 , 17891351.00 , [320100]江苏-南京市 , 1944-06-05 , 男 , -1
	320102050828816 , 17891396.00 , [320102]江苏-玄武区 , 1905-08-28 , 女 , -1
	320102480222464 , 17891408.00 , [320102]江苏-玄武区 , 1948-02-22 , 女 , -1
	320102730702225 , 17891415.00 , [320102]江苏-玄武区 , 1973-07-02 , 男 , -1
	320104770326784 , 17891472.00 , [320104]江苏-秦淮区 , 1977-03-26 , 女 , -1
	320105020807441 , 17891479.00 , [320105]江苏-建邺区 , 1902-08-07 , 男 , -1
	320105450203081 , 17891491.00 , [320105]江苏-建邺区 , 1945-02-03 , 男 , -1
	320107310920849 , 17891543.00 , [320107]江苏-下关区 , 1931-09-20 , 男 , -1
	320107740318025 , 17891555.00 , [320107]江苏-下关区 , 1974-03-18 , 男 , -1
	320111390205649 , 17891657.00 , [320111]江苏-浦口区 , 1939-02-05 , 男 , -1
	320113930825984 , 17891728.00 , [320113]江苏-栖霞区 , 1993-08-25 , 女 , -1
	320114360227600 , 17891740.00 , [320114]江苏-雨花台区 , 1936-02-27 , 女 , -1
	320114610712009 , 17891747.00 , [320114]江苏-雨花台区 , 1961-07-12 , 男 , -1
	320115040114081 , 17891759.00 , [320115]江苏-江宁区 , 1904-01-14 , 男 , -1
	320200890528964 , 17894158.00 , [320200]江苏-无锡市 , 1989-05-28 , 女 , -1
	320201570507329 , 17894177.00 , [320201]江苏-市辖区 , 1957-05-07 , 男 , -1
	320201821025856 , 17894184.00 , [320201]江苏-市辖区 , 1982-10-25 , 女 , -1
	320202501005209 , 17894203.00 , [320202]江苏-崇安区 , 1950-10-05 , 男 , -1
	320204290428009 , 17894253.00 , [320204]江苏-北塘区 , 1929-04-28 , 男 , -1
	320204970409984 , 17894272.00 , [320204]江苏-北塘区 , 1997-04-09 , 女 , -1
	320205220929841 , 17894279.00 , [320205]江苏-锡山区 , 1922-09-29 , 男 , -1
	320205900912804 , 17894298.00 , [320205]江苏-锡山区 , 1990-09-12 , 女 , -1
	320211340802500 , 17894450.00 , [320211]江苏-滨湖区 , 1934-08-02 , 女 , -1
	320281920402084 , 17896422.00 , [320281]江苏-江阴市 , 1992-04-02 , 女 , -1
	320282851016704 , 17896448.00 , [320282]江苏-宜兴市 , 1985-10-16 , 女 , -1
	320300210806489 , 17896933.00 , [320300]江苏-徐州市 , 1921-08-06 , 男 , -1
	320301320417296 , 17896964.00 , [320301]江苏-市辖区 , 1932-04-17 , 女 , -1
	320302000502289 , 17896983.00 , [320302]江苏-鼓楼区 , 1900-05-02 , 男 , -1
	320303110116196 , 17897014.00 , [320303]江苏-云龙区 , 1911-01-16 , 女 , -1
	320303790203089 , 17897033.00 , [320303]江苏-云龙区 , 1979-02-03 , 男 , -1
	320311271206564 , 17897242.00 , [320311]江苏-泉山区 , 1927-12-06 , 女 , -1
	320321401125625 , 17897525.00 , [320321]江苏-丰县 , 1940-11-25 , 男 , -1
	320322081231936 , 17897544.00 , [320322]江苏-沛县 , 1908-12-31 , 女 , -1
	320322260207401 , 17897549.00 , [320322]江苏-沛县 , 1926-02-07 , 男 , -1
	320322940314624 , 17897568.00 , [320322]江苏-沛县 , 1994-03-14 , 女 , -1
	320323620422569 , 17897587.00 , [320323]江苏-铜山县 , 1962-04-22 , 男 , -1
	320324300531236 , 17897606.00 , [320324]江苏-睢宁县 , 1930-05-31 , 女 , -1
	320381611228849 , 17899207.00 , [320381]江苏-新沂市 , 1961-12-28 , 男 , -1
	320381790220944 , 17899212.00 , [320381]江苏-新沂市 , 1979-02-20 , 女 , -1
	320382040809961 , 17899219.00 , [320382]江苏-邳州市 , 1904-08-09 , 男 , -1
	320404200426244 , 17899838.00 , [320404]江苏-钟楼区 , 1920-04-26 , 女 , -1
	320404451024025 , 17899845.00 , [320404]江苏-钟楼区 , 1945-10-24 , 男 , -1
	320404880620449 , 17899857.00 , [320404]江苏-钟楼区 , 1988-06-20 , 男 , -1
	320405131218496 , 17899864.00 , [320405]江苏-戚墅堰区 , 1913-12-18 , 女 , -1
	320405310217161 , 17899869.00 , [320405]江苏-戚墅堰区 , 1931-02-17 , 男 , -1
	320405560815376 , 17899876.00 , [320405]江苏-戚墅堰区 , 1956-08-15 , 女 , -1
	320405990412544 , 17899888.00 , [320405]江苏-戚墅堰区 , 1999-04-12 , 女 , -1
	320411360401444 , 17900038.00 , [320411]江苏-新北区 , 1936-04-01 , 女 , -1
	320411611002025 , 17900045.00 , [320411]江苏-新北区 , 1961-10-02 , 男 , -1
	320412040603249 , 17900057.00 , [320412]江苏-武进区 , 1904-06-03 , 男 , -1
	320412291204096 , 17900064.00 , [320412]江苏-武进区 , 1929-12-04 , 女 , -1
	320412470204761 , 17900069.00 , [320412]江苏-武进区 , 1947-02-04 , 男 , -1
	320412720805776 , 17900076.00 , [320412]江苏-武进区 , 1972-08-05 , 女 , -1
	320482570708729 , 17902027.00 , [320482]江苏-金坛市 , 1957-07-08 , 男 , -1
	320502800318464 , 17902592.00 , [320502]江苏-沧浪区 , 1980-03-18 , 女 , -1
	320503480617321 , 17902611.00 , [320503]江苏-平江区 , 1948-06-17 , 男 , -1
	320504160916900 , 17902630.00 , [320504]江苏-金阊区 , 1916-09-16 , 女 , -1
	320504841217201 , 17902649.00 , [320504]江苏-金阊区 , 1984-12-17 , 男 , -1
	320506130209225 , 17902685.00 , [320506]江苏-吴中区 , 1913-02-09 , 男 , -1
	320506810511616 , 17902704.00 , [320506]江苏-吴中区 , 1981-05-11 , 女 , -1
	320507490814729 , 17902723.00 , [320507]江苏-相城区 , 1949-08-14 , 男 , -1
	320585050102321 , 17904889.00 , [320585]江苏-太仓市 , 1905-01-02 , 男 , -1
	320600520113041 , 17905321.00 , [320600]江苏-南通市 , 1952-01-13 , 男 , -1
	320601200515600 , 17905340.00 , [320601]江苏-市辖区 , 1920-05-15 , 女 , -1
	320601880918881 , 17905359.00 , [320601]江苏-市辖区 , 1988-09-18 , 男 , -1
	320611370829376 , 17905624.00 , [320611]江苏-港闸区 , 1937-08-29 , 女 , -1
	320621290621801 , 17905901.00 , [320621]江苏-海安县 , 1929-06-21 , 男 , -1
	320623081214401 , 17905951.00 , [320623]江苏-如东县 , 1908-12-14 , 男 , -1
	320682030314409 , 17907597.00 , [320682]江苏-如皋市 , 1903-03-14 , 男 , -1
	320682281020816 , 17907604.00 , [320682]江苏-如皋市 , 1928-10-20 , 女 , -1
	320682710803456 , 17907616.00 , [320682]江苏-如皋市 , 1971-08-03 , 女 , -1
	320700260507236 , 17908106.00 , [320700]江苏-连云港市 , 1926-05-07 , 女 , -1
	320700511220769 , 17908113.00 , [320700]江苏-连云港市 , 1951-12-20 , 男 , -1
	320700690301924 , 17908118.00 , [320700]江苏-连云港市 , 1969-03-01 , 女 , -1
	320700941015625 , 17908125.00 , [320700]江苏-连云港市 , 1994-10-15 , 男 , -1
	320701370810769 , 17908137.00 , [320701]江苏-市辖区 , 1937-08-10 , 男 , -1
	320701800606201 , 17908149.00 , [320701]江苏-市辖区 , 1980-06-06 , 男 , -1
	320703340708864 , 17908192.00 , [320703]江苏-连云区 , 1934-07-08 , 女 , -1
	320703770505616 , 17908204.00 , [320703]江苏-连云区 , 1977-05-05 , 女 , -1
	320705310613009 , 17908247.00 , [320705]江苏-新浦区 , 1931-06-13 , 男 , -1
	320705740411081 , 17908259.00 , [320705]江苏-新浦区 , 1974-04-11 , 男 , -1
	320705991126756 , 17908266.00 , [320705]江苏-新浦区 , 1999-11-26 , 女 , -1
	320706170209441 , 17908271.00 , [320706]江苏-海州区 , 1917-02-09 , 男 , -1
	320706420925284 , 17908278.00 , [320706]江苏-海州区 , 1942-09-25 , 女 , -1
	320706850724100 , 17908290.00 , [320706]江苏-海州区 , 1985-07-24 , 女 , -1
	320722180403524 , 17908718.00 , [320722]江苏-东海县 , 1918-04-03 , 女 , -1
	320722431125625 , 17908725.00 , [320722]江苏-东海县 , 1943-11-25 , 男 , -1
	320722610212900 , 17908730.00 , [320722]江苏-东海县 , 1961-02-12 , 女 , -1
	320800661206281 , 17910909.00 , [320800]江苏-淮安市 , 1966-12-06 , 男 , -1
	320800840315396 , 17910914.00 , [320800]江苏-淮安市 , 1984-03-15 , 女 , -1
	320801520930489 , 17910933.00 , [320801]江苏-市辖区 , 1952-09-30 , 男 , -1
	320802810518961 , 17910969.00 , [320802]江苏-清河区 , 1981-05-18 , 男 , -1
	320804100110025 , 17911005.00 , [320804]江苏-淮阴区 , 1910-01-10 , 男 , -1
	320804780728576 , 17911024.00 , [320804]江苏-淮阴区 , 1978-07-28 , 女 , -1
	320826131024400 , 17911620.00 , [320826]江苏-涟水县 , 1913-10-24 , 女 , -1
	320826560903424 , 17911632.00 , [320826]江苏-涟水县 , 1956-09-03 , 女 , -1
	320829820828729 , 17911723.00 , [320829]江苏-洪泽县 , 1982-08-28 , 男 , -1
	320830250710225 , 17911735.00 , [320830]江苏-盱眙县 , 1925-07-10 , 男 , -1
	320831791121284 , 17911778.00 , [320831]江苏-金湖县 , 1979-11-21 , 女 , -1
	320900540207809 , 17913697.00 , [320900]江苏-盐城市 , 1954-02-07 , 男 , -1
	320901220928656 , 17913716.00 , [320901]江苏-市辖区 , 1922-09-28 , 女 , -1
	320902510717504 , 17913752.00 , [320902]江苏-亭湖区 , 1951-07-17 , 女 , -1
	320903800508944 , 17913788.00 , [320903]江苏-盐都区 , 1980-05-08 , 女 , -1
	320922180318601 , 17914301.00 , [320922]江苏-滨海县 , 1918-03-18 , 男 , -1
	320922431118864 , 17914308.00 , [320922]江苏-滨海县 , 1943-11-18 , 女 , -1
	320923040205625 , 17914325.00 , [320923]江苏-阜宁县 , 1904-02-05 , 男 , -1
	320923291006224 , 17914332.00 , [320923]江苏-阜宁县 , 1929-10-06 , 女 , -1
	320925440729664 , 17914392.00 , [320925]江苏-建湖县 , 1944-07-29 , 女 , -1
	320981730217369 , 17915963.00 , [320981]江苏-东台市 , 1973-02-17 , 男 , -1
	320982411024324 , 17915982.00 , [320982]江苏-大丰市 , 1941-10-24 , 女 , -1
	320982841008036 , 17915994.00 , [320982]江苏-大丰市 , 1984-10-08 , 女 , -1
	321084791107921 , 17918839.00 , [321084]江苏-高邮市 , 1979-11-07 , 男 , -1
	321088410723600 , 17918940.00 , [321088]江苏-江都市 , 1941-07-23 , 女 , -1
	321101240812804 , 17919298.00 , [321101]江苏-市辖区 , 1924-08-12 , 女 , -1
	321102531003556 , 17919334.00 , [321102]江苏-京口区 , 1953-10-03 , 女 , -1
	321111920803216 , 17919596.00 , [321111]江苏-润州区 , 1992-08-03 , 女 , -1
	321181380913156 , 17921534.00 , [321181]江苏-丹阳市 , 1938-09-13 , 女 , -1
	321181560128521 , 17921539.00 , [321181]江苏-丹阳市 , 1956-01-28 , 男 , -1
	321181811030116 , 17921546.00 , [321181]江苏-丹阳市 , 1981-10-30 , 女 , -1
	321183710716801 , 17921599.00 , [321183]江苏-句容市 , 1971-07-16 , 男 , -1
	321200700617329 , 17922073.00 , [321200]江苏-泰州市 , 1970-06-17 , 男 , -1
	321201991007881 , 17922109.00 , [321201]江苏-市辖区 , 1999-10-07 , 男 , -1
	321202170228996 , 17922114.00 , [321202]江苏-海陵区 , 1917-02-28 , 女 , -1
	321203460622500 , 17922150.00 , [321203]江苏-高港区 , 1946-06-22 , 女 , -1
	321282251225104 , 17924348.00 , [321282]江苏-靖江市 , 1925-12-25 , 女 , -1
	321283721023321 , 17924389.00 , [321283]江苏-泰兴市 , 1972-10-23 , 男 , -1
	321284151208801 , 17924401.00 , [321284]江苏-姜堰市 , 1915-12-08 , 男 , -1
	321300390921316 , 17924854.00 , [321300]江苏-宿迁市 , 1939-09-21 , 女 , -1
	321300821117956 , 17924866.00 , [321300]江苏-宿迁市 , 1982-11-17 , 女 , -1
	321302470207744 , 17924912.00 , [321302]江苏-宿城区 , 1947-02-07 , 女 , -1
	321302900405776 , 17924924.00 , [321302]江苏-宿城区 , 1990-04-05 , 女 , -1
	321311361025600 , 17925160.00 , [321311]江苏-宿豫区 , 1936-10-25 , 女 , -1
	321311791229584 , 17925172.00 , [321311]江苏-宿豫区 , 1979-12-29 , 女 , -1
	321323801207049 , 17925507.00 , [321323]江苏-泗阳县 , 1980-12-07 , 男 , -1
	330000831105625 , 18165925.00 , [330000]浙江-浙江省 , 1983-11-05 , 男 , -1
	330000940101184 , 18165928.00 , [330000]浙江-浙江省 , 1994-01-01 , 女 , -1
	330103040512644 , 18168738.00 , [330103]浙江-下城区 , 1904-05-12 , 女 , -1
	330103331212516 , 18168746.00 , [330103]浙江-下城区 , 1933-12-12 , 女 , -1
	330103440225001 , 18168749.00 , [330103]浙江-下城区 , 1944-02-25 , 男 , -1
	330103730925049 , 18168757.00 , [330103]浙江-下城区 , 1973-09-25 , 男 , -1
	330106710607921 , 18168839.00 , [330106]浙江-西湖区 , 1971-06-07 , 男 , -1
	330109690304241 , 18168921.00 , [330109]浙江-萧山区 , 1969-03-04 , 男 , -1
	330109981007041 , 18168929.00 , [330109]浙江-萧山区 , 1998-10-07 , 男 , -1
	330110380723600 , 18168940.00 , [330110]浙江-余杭区 , 1938-07-23 , 女 , -1
	330127350731649 , 18169407.00 , [330127]浙江-淳安县 , 1935-07-31 , 男 , -1
	330182660723041 , 18170929.00 , [330182]浙江-建德市 , 1966-07-23 , 男 , -1
	330183351218704 , 18170948.00 , [330183]浙江-富阳市 , 1935-12-18 , 女 , -1
	330200250416569 , 18171413.00 , [330200]浙江-宁波市 , 1925-04-16 , 男 , -1
	330200940930624 , 18171432.00 , [330200]浙江-宁波市 , 1994-09-30 , 女 , -1
	330201340702249 , 18171443.00 , [330201]浙江-市辖区 , 1934-07-02 , 男 , -1
	330203630308036 , 18171506.00 , [330203]浙江-海曙区 , 1963-03-08 , 女 , -1
	330204320825625 , 18171525.00 , [330204]浙江-江东区 , 1932-08-25 , 男 , -1
	330205411118025 , 18171555.00 , [330205]浙江-江北区 , 1941-11-18 , 男 , -1
	330211880223289 , 18171733.00 , [330211]浙江-镇海区 , 1988-02-23 , 男 , -1
	330212970528169 , 18171763.00 , [330212]浙江-鄞州区 , 1997-05-28 , 男 , -1
	330225400131025 , 18172105.00 , [330225]浙江-象山县 , 1940-01-31 , 男 , -1
	330226781212449 , 18172143.00 , [330226]浙江-宁海县 , 1978-12-12 , 男 , -1
	330282390310929 , 18173673.00 , [330282]浙江-慈溪市 , 1939-03-10 , 男 , -1
	330282790131856 , 18173684.00 , [330282]浙江-慈溪市 , 1979-01-31 , 女 , -1
	330283080910864 , 18173692.00 , [330283]浙江-奉化市 , 1908-09-10 , 女 , -1
	330301000414225 , 18174185.00 , [330301]浙江-市辖区 , 1900-04-14 , 男 , -1
	330301291201249 , 18174193.00 , [330301]浙江-市辖区 , 1929-12-01 , 男 , -1
	330304380821284 , 18174278.00 , [330304]浙江-瓯海区 , 1938-08-21 , 女 , -1
	330322010106169 , 18174763.00 , [330322]浙江-洞头县 , 1901-01-06 , 男 , -1
	330322300902441 , 18174771.00 , [330322]浙江-洞头县 , 1930-09-02 , 男 , -1
	330324300130276 , 18174826.00 , [330324]浙江-永嘉县 , 1930-01-30 , 女 , -1
	330324590927556 , 18174834.00 , [330324]浙江-永嘉县 , 1959-09-27 , 女 , -1
	330326190314884 , 18174878.00 , [330326]浙江-平阳县 , 1919-03-14 , 女 , -1
	330326481112996 , 18174886.00 , [330326]浙江-平阳县 , 1948-11-12 , 女 , -1
	330327280808464 , 18174908.00 , [330327]浙江-苍南县 , 1928-08-08 , 女 , -1
	330328080504900 , 18174930.00 , [330328]浙江-文成县 , 1908-05-04 , 女 , -1
	330328880202304 , 18174952.00 , [330328]浙江-文成县 , 1988-02-02 , 女 , -1
	330329171001600 , 18174960.00 , [330329]浙江-泰顺县 , 1917-10-01 , 女 , -1
	330381080726544 , 18176388.00 , [330381]浙江-瑞安市 , 1908-07-26 , 女 , -1
	330381480607201 , 18176399.00 , [330381]浙江-瑞安市 , 1948-06-07 , 男 , -1
	330421360830016 , 18177496.00 , [330421]浙江-嘉善县 , 1936-08-30 , 女 , -1
	330424051104900 , 18177570.00 , [330424]浙江-海盐县 , 1905-11-04 , 女 , -1
	330424451011561 , 18177581.00 , [330424]浙江-海盐县 , 1945-10-11 , 男 , -1
	330424850918464 , 18177592.00 , [330424]浙江-海盐县 , 1985-09-18 , 女 , -1
	330481240214449 , 18179143.00 , [330481]浙江-海宁市 , 1924-02-14 , 男 , -1
	330481931022244 , 18179162.00 , [330481]浙江-海宁市 , 1993-10-22 , 女 , -1
	330482730905856 , 18179184.00 , [330482]浙江-平湖市 , 1973-09-05 , 女 , -1
	330501201214864 , 18179692.00 , [330501]浙江-市辖区 , 1920-12-14 , 女 , -1
	330502001121796 , 18179714.00 , [330502]浙江-吴兴区 , 1900-11-21 , 女 , -1
	330502801029696 , 18179736.00 , [330502]浙江-吴兴区 , 1980-10-29 , 女 , -1
	330502910108121 , 18179739.00 , [330502]浙江-吴兴区 , 1991-01-08 , 男 , -1
	330522180912361 , 18180269.00 , [330522]浙江-长兴县 , 1918-09-12 , 男 , -1
	330523380811204 , 18180302.00 , [330523]浙江-安吉县 , 1938-08-11 , 女 , -1
	330600760704900 , 18182430.00 , [330600]浙江-绍兴市 , 1976-07-04 , 女 , -1
	330601160718481 , 18182441.00 , [330601]浙江-市辖区 , 1916-07-18 , 男 , -1
	330621270804036 , 18182994.00 , [330621]浙江-绍兴县 , 1927-08-04 , 女 , -1
	330621670830025 , 18183005.00 , [330621]浙江-绍兴县 , 1967-08-30 , 男 , -1
	330624471018724 , 18183082.00 , [330624]浙江-新昌县 , 1947-10-18 , 女 , -1
	330624580117225 , 18183085.00 , [330624]浙江-新昌县 , 1958-01-17 , 男 , -1
	330681750207649 , 18184657.00 , [330681]浙江-诸暨市 , 1975-02-07 , 男 , -1
	330682441224976 , 18184676.00 , [330682]浙江-上虞市 , 1944-12-24 , 女 , -1
	330683750522944 , 18184712.00 , [330683]浙江-嵊州市 , 1975-05-22 , 女 , -1
	330701280817636 , 18185194.00 , [330701]浙江-市辖区 , 1928-08-17 , 女 , -1
	330702881116644 , 18185238.00 , [330702]浙江-婺城区 , 1988-11-16 , 女 , -1
	330702990228081 , 18185241.00 , [330702]浙江-婺城区 , 1999-02-28 , 男 , -1
	330703390303504 , 18185252.00 , [330703]浙江-金东区 , 1939-03-03 , 女 , -1
	330781300511236 , 18187394.00 , [330781]浙江-兰溪市 , 1930-05-11 , 女 , -1
	330782901003844 , 18187438.00 , [330782]浙江-义乌市 , 1990-10-03 , 女 , -1
	330783010128481 , 18187441.00 , [330783]浙江-东阳市 , 1901-01-28 , 男 , -1
	330783301127601 , 18187449.00 , [330783]浙江-东阳市 , 1930-11-27 , 男 , -1
	330784610625225 , 18187485.00 , [330784]浙江-永康市 , 1961-06-25 , 男 , -1
	330800470302241 , 18187921.00 , [330800]浙江-衢州市 , 1947-03-02 , 男 , -1
	330801670706116 , 18187954.00 , [330801]浙江-市辖区 , 1967-07-06 , 女 , -1
	330802580104441 , 18187979.00 , [330802]浙江-柯城区 , 1958-01-04 , 男 , -1
	330802871112169 , 18187987.00 , [330802]浙江-柯城区 , 1987-11-12 , 男 , -1
	330803780512144 , 18188012.00 , [330803]浙江-衢江区 , 1978-05-12 , 女 , -1
	330822550806784 , 18188528.00 , [330822]浙江-常山县 , 1955-08-06 , 女 , -1
	330824260530625 , 18188575.00 , [330824]浙江-开化县 , 1926-05-30 , 男 , -1
	330825060828409 , 18188597.00 , [330825]浙江-龙游县 , 1906-08-28 , 男 , -1
	330825570109321 , 18188611.00 , [330825]浙江-龙游县 , 1957-01-09 , 男 , -1
	330825861127161 , 18188619.00 , [330825]浙江-龙游县 , 1986-11-27 , 男 , -1
	330881920825600 , 18190160.00 , [330881]浙江-江山市 , 1992-08-25 , 女 , -1
	330901530108601 , 18190699.00 , [330901]浙江-市辖区 , 1953-01-08 , 男 , -1
	330901930304100 , 18190710.00 , [330901]浙江-市辖区 , 1993-03-04 , 女 , -1
	330921030825225 , 18191235.00 , [330921]浙江-岱山县 , 1903-08-25 , 男 , -1
	330922740803524 , 18191282.00 , [330922]浙江-嵊泗县 , 1974-08-03 , 女 , -1
	331000240201744 , 18193412.00 , [331000]浙江-台州市 , 1924-02-01 , 女 , -1
	331001040712356 , 18193434.00 , [331001]浙江-市辖区 , 1904-07-12 , 女 , -1
	331001550128704 , 18193448.00 , [331001]浙江-市辖区 , 1955-01-28 , 女 , -1
	331001841223936 , 18193456.00 , [331001]浙江-市辖区 , 1984-12-23 , 女 , -1
	331003260315025 , 18193495.00 , [331003]浙江-黄岩区 , 1926-03-15 , 男 , -1
	331004060829289 , 18193517.00 , [331004]浙江-路桥区 , 1906-08-29 , 男 , -1
	331004970505764 , 18193542.00 , [331004]浙江-路桥区 , 1997-05-05 , 女 , -1
	331021890716049 , 18194007.00 , [331021]浙江-玉环县 , 1989-07-16 , 男 , -1
	331022800417024 , 18194032.00 , [331022]浙江-三门县 , 1980-04-17 , 女 , -1
	331023710119249 , 18194057.00 , [331023]浙江-天台县 , 1971-01-19 , 男 , -1
	331024001224225 , 18194065.00 , [331024]浙江-仙居县 , 1900-12-24 , 男 , -1
	331024910928100 , 18194090.00 , [331024]浙江-仙居县 , 1991-09-28 , 女 , -1
	331100420707225 , 18196165.00 , [331100]浙江-丽水市 , 1942-07-07 , 男 , -1
	331100821022976 , 18196176.00 , [331100]浙江-丽水市 , 1982-10-22 , 女 , -1
	331101330516100 , 18196190.00 , [331101]浙江-市辖区 , 1933-05-16 , 女 , -1
	331102240326225 , 18196215.00 , [331102]浙江-莲都区 , 1924-03-26 , 男 , -1
	331122511219984 , 18196772.00 , [331122]浙江-缙云县 , 1951-12-19 , 女 , -1
	331123020729796 , 18196786.00 , [331123]浙江-遂昌县 , 1902-07-29 , 女 , -1
	331124731229889 , 18196833.00 , [331124]浙江-松阳县 , 1973-12-29 , 男 , -1
	331124840410896 , 18196836.00 , [331124]浙江-松阳县 , 1984-04-10 , 女 , -1
	331126550915689 , 18196883.00 , [331126]浙江-庆元县 , 1955-09-15 , 男 , -1
	331127060428609 , 18196897.00 , [331127]浙江-景宁畲族自治县 , 1906-04-28 , 男 , -1
	331181071021161 , 18198381.00 , [331181]浙江-龙泉市 , 1907-10-21 , 男 , -1
	331181180211456 , 18198384.00 , [331181]浙江-龙泉市 , 1918-02-11 , 女 , -1
	340000740713881 , 18439109.00 , [340000]安徽-安徽省 , 1974-07-13 , 男 , -1
	340100061007204 , 18441802.00 , [340100]安徽-合肥市 , 1906-10-07 , 女 , -1
	340101610120336 , 18441844.00 , [340101]安徽-市辖区 , 1961-01-20 , 女 , -1
	340102310910769 , 18441863.00 , [340102]安徽-瑶海区 , 1931-09-10 , 男 , -1
	340104560821776 , 18441924.00 , [340104]安徽-蜀山区 , 1956-08-21 , 女 , -1
	340121011216900 , 18442370.00 , [340121]安徽-长丰县 , 1901-12-16 , 女 , -1
	340121490718689 , 18442383.00 , [340121]安徽-长丰县 , 1949-07-18 , 男 , -1
	340121970220816 , 18442396.00 , [340121]安徽-长丰县 , 1997-02-20 , 女 , -1
	340201350924304 , 18444548.00 , [340201]安徽-市辖区 , 1935-09-24 , 女 , -1
	340202420708929 , 18444577.00 , [340202]安徽-镜湖区 , 1942-07-08 , 男 , -1
	340207880325625 , 18444725.00 , [340207]安徽-鸠江区 , 1988-03-25 , 男 , -1
	340208581225536 , 18444744.00 , [340208]安徽-三山区 , 1958-12-25 , 女 , -1
	340208950120516 , 18444754.00 , [340208]安徽-三山区 , 1995-01-20 , 女 , -1
	340221640229604 , 18445098.00 , [340221]安徽-芜湖县 , 1964-02-29 , 女 , -1
	340222820716900 , 18445130.00 , [340222]安徽-繁昌县 , 1982-07-16 , 女 , -1
	340300700512081 , 18447241.00 , [340300]安徽-蚌埠市 , 1970-05-12 , 男 , -1
	340301290824049 , 18447257.00 , [340301]安徽-市辖区 , 1929-08-24 , 男 , -1
	340303430709225 , 18447315.00 , [340303]安徽-蚌山区 , 1943-07-09 , 男 , -1
	340304021023561 , 18447331.00 , [340304]安徽-禹会区 , 1902-10-23 , 男 , -1
	340311990317209 , 18447547.00 , [340311]安徽-淮上区 , 1999-03-17 , 男 , -1
	340322321021929 , 18447827.00 , [340322]安徽-五河县 , 1932-10-21 , 男 , -1
	340323280309609 , 18447853.00 , [340323]安徽-固镇县 , 1928-03-09 , 男 , -1
	340400470503025 , 18449945.00 , [340400]安徽-淮南市 , 1947-05-03 , 男 , -1
	340400581202704 , 18449948.00 , [340400]安徽-淮南市 , 1958-12-02 , 女 , -1
	340400950201764 , 18449958.00 , [340400]安徽-淮南市 , 1995-02-01 , 女 , -1
	340401060901521 , 18449961.00 , [340401]安徽-市辖区 , 1906-09-01 , 男 , -1
	340403680801024 , 18450032.00 , [340403]安徽-田家庵区 , 1968-08-01 , 女 , -1
	340404160502025 , 18450045.00 , [340404]安徽-谢家集区 , 1916-05-02 , 男 , -1
	340404271202304 , 18450048.00 , [340404]安徽-谢家集区 , 1927-12-02 , 女 , -1
	340404640203364 , 18450058.00 , [340404]安徽-谢家集区 , 1964-02-03 , 女 , -1
	340404750903721 , 18450061.00 , [340404]安徽-谢家集区 , 1975-09-03 , 男 , -1
	340405230605476 , 18450074.00 , [340405]安徽-八公山区 , 1923-06-05 , 女 , -1
	340405710307569 , 18450087.00 , [340405]安徽-八公山区 , 1971-03-07 , 男 , -1
	340405821008100 , 18450090.00 , [340405]安徽-八公山区 , 1982-10-08 , 女 , -1
	340406300710609 , 18450103.00 , [340406]安徽-潘集区 , 1930-07-10 , 男 , -1
	340406780413456 , 18450116.00 , [340406]安徽-潘集区 , 1978-04-13 , 女 , -1
	340406891114161 , 18450119.00 , [340406]安徽-潘集区 , 1989-11-14 , 男 , -1
	340501030128900 , 18452670.00 , [340501]安徽-市辖区 , 1903-01-28 , 女 , -1
	340501620614596 , 18452686.00 , [340501]安徽-市辖区 , 1962-06-14 , 女 , -1
	340503650413081 , 18452741.00 , [340503]安徽-花山区 , 1965-04-13 , 男 , -1
	340503761129536 , 18452744.00 , [340503]安徽-花山区 , 1976-11-29 , 女 , -1
	340504240901049 , 18452757.00 , [340504]安徽-雨山区 , 1924-09-01 , 男 , -1
	340521660526441 , 18453229.00 , [340521]安徽-当涂县 , 1966-05-26 , 男 , -1
	340600571104689 , 18455367.00 , [340600]安徽-淮北市 , 1957-11-04 , 男 , -1
	340600940212129 , 18455377.00 , [340600]安徽-淮北市 , 1994-02-12 , 男 , -1
	340602010624836 , 18455406.00 , [340602]安徽-杜集区 , 1901-06-24 , 女 , -1
	340602970306624 , 18455432.00 , [340602]安徽-杜集区 , 1997-03-06 , 女 , -1
	340604040722521 , 18455461.00 , [340604]安徽-烈山区 , 1904-07-22 , 男 , -1
	340700311208761 , 18458069.00 , [340700]安徽-铜陵市 , 1931-12-08 , 男 , -1
	340700791118724 , 18458082.00 , [340700]安徽-铜陵市 , 1979-11-18 , 女 , -1
	340701271029025 , 18458095.00 , [340701]安徽-市辖区 , 1927-10-29 , 男 , -1
	340702120101924 , 18458118.00 , [340702]安徽-铜官山区 , 1912-01-01 , 女 , -1
	340711090806321 , 18458361.00 , [340711]安徽-郊区 , 1909-08-06 , 男 , -1
	340711570723876 , 18458374.00 , [340711]安徽-郊区 , 1957-07-23 , 女 , -1
	340800250522176 , 18460776.00 , [340800]安徽-安庆市 , 1925-05-22 , 女 , -1
	340800730502521 , 18460789.00 , [340800]安徽-安庆市 , 1973-05-02 , 男 , -1
	340801801229124 , 18460818.00 , [340801]安徽-市辖区 , 1980-12-29 , 女 , -1
	340802281210561 , 18460831.00 , [340802]安徽-迎江区 , 1928-12-10 , 男 , -1
	340802650427281 , 18460841.00 , [340802]安徽-迎江区 , 1965-04-27 , 男 , -1
	340803130409316 , 18460854.00 , [340803]安徽-大观区 , 1913-04-09 , 女 , -1
	340811400922084 , 18461078.00 , [340811]安徽-宜秀区 , 1940-09-22 , 女 , -1
	340811880910281 , 18461091.00 , [340811]安徽-宜秀区 , 1988-09-10 , 男 , -1
	340823400728409 , 18461403.00 , [340823]安徽-枞阳县 , 1940-07-28 , 男 , -1
	340823880725056 , 18461416.00 , [340823]安徽-枞阳县 , 1988-07-25 , 女 , -1
	340824360722041 , 18461429.00 , [340824]安徽-潜山县 , 1936-07-22 , 男 , -1
	340824840719364 , 18461442.00 , [340824]安徽-潜山县 , 1984-07-19 , 女 , -1
	340825320717025 , 18461455.00 , [340825]安徽-太湖县 , 1932-07-17 , 男 , -1
	340825800715024 , 18461468.00 , [340825]安徽-太湖县 , 1980-07-15 , 女 , -1
	340826280713361 , 18461481.00 , [340826]安徽-宿松县 , 1928-07-13 , 男 , -1
	340826760712036 , 18461494.00 , [340826]安徽-宿松县 , 1976-07-12 , 女 , -1
	340827240711049 , 18461507.00 , [340827]安徽-望江县 , 1924-07-11 , 男 , -1
	340827720710400 , 18461520.00 , [340827]安徽-望江县 , 1972-07-10 , 女 , -1
	340828200710089 , 18461533.00 , [340828]安徽-岳西县 , 1920-07-10 , 男 , -1
	340828680710116 , 18461546.00 , [340828]安徽-岳西县 , 1968-07-10 , 女 , -1
	340881261220900 , 18462970.00 , [340881]安徽-桐城市 , 1926-12-20 , 女 , -1
	341001650412900 , 18466230.00 , [341001]安徽-市辖区 , 1965-04-12 , 女 , -1
	341001761210289 , 18466233.00 , [341001]安徽-市辖区 , 1976-12-10 , 男 , -1
	341003460105841 , 18466279.00 , [341003]安徽-黄山区 , 1946-01-05 , 男 , -1
	341003570903524 , 18466282.00 , [341003]安徽-黄山区 , 1957-09-03 , 女 , -1
	341004051027025 , 18466295.00 , [341004]安徽-徽州区 , 1905-10-27 , 男 , -1
	341021151030564 , 18466758.00 , [341021]安徽-歙县 , 1915-10-30 , 女 , -1
	341022000501961 , 18466781.00 , [341022]安徽-休宁县 , 1900-05-01 , 男 , -1
	341023330111489 , 18466817.00 , [341023]安徽-黟县 , 1933-01-11 , 男 , -1
	341023440912400 , 18466820.00 , [341023]安徽-黟县 , 1944-09-12 , 女 , -1
	341024770524736 , 18466856.00 , [341024]安徽-祁门县 , 1977-05-24 , 女 , -1
	341102040226704 , 18468948.00 , [341102]安徽-琅琊区 , 1904-02-26 , 女 , -1
	341102520419521 , 18468961.00 , [341102]安徽-琅琊区 , 1952-04-19 , 男 , -1
	341103000612676 , 18468974.00 , [341103]安徽-南谯区 , 1900-06-12 , 女 , -1
	341103480806169 , 18468987.00 , [341103]安徽-南谯区 , 1948-08-06 , 男 , -1
	341182680419161 , 18471131.00 , [341182]安徽-明光市 , 1968-04-19 , 男 , -1
	341200560708225 , 18471615.00 , [341200]安徽-阜阳市 , 1956-07-08 , 男 , -1
	341201410403044 , 18471638.00 , [341201]安徽-市辖区 , 1941-04-03 , 女 , -1
	341202370928896 , 18471664.00 , [341202]安徽-颍州区 , 1937-09-28 , 女 , -1
	341203220625969 , 18471687.00 , [341203]安徽-颍东区 , 1922-06-25 , 男 , -1
	341204070324100 , 18471710.00 , [341204]安徽-颍泉区 , 1907-03-24 , 女 , -1
	341222320617616 , 18472204.00 , [341222]安徽-太和县 , 1932-06-17 , 女 , -1
	341226310625344 , 18472312.00 , [341226]安徽-颍上县 , 1931-06-25 , 女 , -1
	341226790905625 , 18472325.00 , [341226]安徽-颍上县 , 1979-09-05 , 男 , -1
	341282210130625 , 18473825.00 , [341282]安徽-界首市 , 1921-01-30 , 男 , -1
	341300240821969 , 18474313.00 , [341300]安徽-宿州市 , 1924-08-21 , 男 , -1
	341300610308329 , 18474323.00 , [341300]安徽-宿州市 , 1961-03-08 , 男 , -1
	341301460127716 , 18474346.00 , [341301]安徽-市辖区 , 1946-01-27 , 女 , -1
	341302901128225 , 18474385.00 , [341302]安徽-埇桥区 , 1990-11-28 , 男 , -1
	341321191014400 , 18474880.00 , [341321]安徽-砀山县 , 1919-10-14 , 女 , -1
	341321560512100 , 18474890.00 , [341321]安徽-砀山县 , 1956-05-12 , 女 , -1
	341322521207056 , 18474916.00 , [341322]安徽-萧县 , 1952-12-07 , 女 , -1
	341322890705476 , 18474926.00 , [341322]安徽-萧县 , 1989-07-05 , 女 , -1
	341323260204096 , 18474936.00 , [341323]安徽-灵璧县 , 1926-02-04 , 女 , -1
	341324220901444 , 18474962.00 , [341324]安徽-泗县 , 1922-09-01 , 女 , -1
	341400231126361 , 18477019.00 , [341400]安徽-巢湖市 , 1923-11-26 , 男 , -1
	341400970207521 , 18477039.00 , [341400]安徽-巢湖市 , 1997-02-07 , 男 , -1
	341401450610704 , 18477052.00 , [341401]安徽-市辖区 , 1945-06-10 , 女 , -1
	341401931014225 , 18477065.00 , [341401]安徽-市辖区 , 1993-10-14 , 男 , -1
	341422810416900 , 18477630.00 , [341422]安徽-无为县 , 1981-04-16 , 女 , -1
	341424140807556 , 18477666.00 , [341424]安徽-和县 , 1914-08-07 , 女 , -1
	341424621227041 , 18477679.00 , [341424]安徽-和县 , 1962-12-27 , 男 , -1
	341502010131529 , 18479773.00 , [341502]安徽-金安区 , 1901-01-31 , 男 , -1
	341502121010176 , 18479776.00 , [341502]安徽-金安区 , 1912-10-10 , 女 , -1
	341502490605796 , 18479786.00 , [341502]安徽-金安区 , 1949-06-05 , 女 , -1
	341502860201616 , 18479796.00 , [341502]安徽-金安区 , 1986-02-01 , 女 , -1
	341521451129401 , 18480299.00 , [341521]安徽-寿县 , 1945-11-29 , 男 , -1
	341522301223684 , 18480322.00 , [341522]安徽-霍邱县 , 1930-12-23 , 女 , -1
	341522670830224 , 18480332.00 , [341522]安徽-霍邱县 , 1967-08-30 , 女 , -1
	341523520926025 , 18480355.00 , [341523]安徽-舒城县 , 1952-09-26 , 男 , -1
	341524371022884 , 18480378.00 , [341524]安徽-金寨县 , 1937-10-22 , 女 , -1
	341524740630544 , 18480388.00 , [341524]安徽-金寨县 , 1974-06-30 , 女 , -1
	341525221120801 , 18480401.00 , [341525]安徽-霍山县 , 1922-11-20 , 男 , -1
	341525590728921 , 18480411.00 , [341525]安徽-霍山县 , 1959-07-28 , 男 , -1
	341601771230784 , 18482472.00 , [341601]安徽-市辖区 , 1977-12-30 , 女 , -1
	341602510530064 , 18482492.00 , [341602]安徽-谯城区 , 1951-05-30 , 女 , -1
	341622250116676 , 18483026.00 , [341622]安徽-蒙城县 , 1925-01-16 , 女 , -1
	341622361014841 , 18483029.00 , [341622]安徽-蒙城县 , 1936-10-14 , 男 , -1
	341700031116900 , 18485130.00 , [341700]安徽-池州市 , 1903-11-16 , 女 , -1
	341700400819600 , 18485140.00 , [341700]安徽-池州市 , 1940-08-19 , 女 , -1
	341700770522500 , 18485150.00 , [341700]安徽-池州市 , 1977-05-22 , 女 , -1
	341701140225600 , 18485160.00 , [341701]安徽-市辖区 , 1914-02-25 , 女 , -1
	341722250604361 , 18485731.00 , [341722]安徽-石台县 , 1925-06-04 , 男 , -1
	341722620319081 , 18485741.00 , [341722]安徽-石台县 , 1962-03-19 , 男 , -1
	341800930403881 , 18487859.00 , [341800]安徽-宣城市 , 1993-04-03 , 男 , -1
	341802150603664 , 18487892.00 , [341802]安徽-宣州区 , 1915-06-03 , 女 , -1
	341802890119744 , 18487912.00 , [341802]安徽-宣州区 , 1989-01-19 , 女 , -1
	341822450610481 , 18488441.00 , [341822]安徽-广德县 , 1945-06-10 , 男 , -1
	341824040618256 , 18488484.00 , [341824]安徽-绩溪县 , 1904-06-18 , 女 , -1
	341825630629729 , 18488527.00 , [341825]安徽-旌德县 , 1963-06-29 , 男 , -1
	350000750806249 , 18708307.00 , [350000]福建-福建省 , 1975-08-06 , 男 , -1
	350100211231225 , 18710965.00 , [350100]福建-福州市 , 1921-12-31 , 男 , -1
	350100360918961 , 18710969.00 , [350100]福建-福州市 , 1936-09-18 , 男 , -1
	350100510606729 , 18710973.00 , [350100]福建-福州市 , 1951-06-06 , 男 , -1
	350105450321025 , 18711105.00 , [350105]福建-马尾区 , 1945-03-21 , 男 , -1
	350121130402576 , 18711524.00 , [350121]福建-闽侯县 , 1913-04-02 , 女 , -1
	350122140825601 , 18711551.00 , [350122]福建-连江县 , 1914-08-25 , 男 , -1
	350122290518025 , 18711555.00 , [350122]福建-连江县 , 1929-05-18 , 男 , -1
	350122440210481 , 18711559.00 , [350122]福建-连江县 , 1944-02-10 , 男 , -1
	350123600328100 , 18711590.00 , [350123]福建-罗源县 , 1960-03-28 , 女 , -1
	350128091124100 , 18711710.00 , [350128]福建-平潭县 , 1909-11-24 , 女 , -1
	350128240817796 , 18711714.00 , [350128]福建-平潭县 , 1924-08-17 , 女 , -1
	350128390511524 , 18711718.00 , [350128]福建-平潭县 , 1939-05-11 , 女 , -1
	350128540205284 , 18711722.00 , [350128]福建-平潭县 , 1954-02-05 , 女 , -1
	350201220304896 , 18713664.00 , [350201]福建-市辖区 , 1922-03-04 , 女 , -1
	350203540803076 , 18713726.00 , [350203]福建-思明区 , 1954-08-03 , 女 , -1
	350203690512900 , 18713730.00 , [350203]福建-思明区 , 1969-05-12 , 女 , -1
	350203840222756 , 18713734.00 , [350203]福建-思明区 , 1984-02-22 , 女 , -1
	350206011019264 , 18713792.00 , [350206]福建-湖里区 , 1901-10-19 , 女 , -1
	350206160729616 , 18713796.00 , [350206]福建-湖里区 , 1916-07-29 , 女 , -1
	350211400612096 , 18713936.00 , [350211]福建-集美区 , 1940-06-12 , 女 , -1
	350211550323600 , 18713940.00 , [350211]福建-集美区 , 1955-03-23 , 女 , -1
	350301420428281 , 18716341.00 , [350301]福建-市辖区 , 1942-04-28 , 男 , -1
	350302431111424 , 18716368.00 , [350302]福建-城厢区 , 1943-11-11 , 女 , -1
	350302880304400 , 18716380.00 , [350302]福建-城厢区 , 1988-03-04 , 女 , -1
	350304040720921 , 18716411.00 , [350304]福建-荔城区 , 1904-07-20 , 男 , -1
	350305500602500 , 18716450.00 , [350305]福建-秀屿区 , 1950-06-02 , 女 , -1
	350322121007236 , 18716894.00 , [350322]福建-仙游县 , 1912-10-07 , 女 , -1
	350322570212836 , 18716906.00 , [350322]福建-仙游县 , 1957-02-12 , 女 , -1
	350401260504064 , 18719008.00 , [350401]福建-市辖区 , 1926-05-04 , 女 , -1
	350421290128849 , 18719543.00 , [350421]福建-明溪县 , 1929-01-28 , 男 , -1
	350423761112881 , 18719609.00 , [350423]福建-清流县 , 1976-11-12 , 男 , -1
	350424060626689 , 18719617.00 , [350424]福建-宁化县 , 1906-06-26 , 男 , -1
	350425371001104 , 18719652.00 , [350425]福建-大田县 , 1937-10-01 , 女 , -1
	350425670515600 , 18719660.00 , [350425]福建-大田县 , 1967-05-15 , 女 , -1
	350427280408209 , 18719703.00 , [350427]福建-沙县 , 1928-04-08 , 男 , -1
	350428441030756 , 18719734.00 , [350428]福建-将乐县 , 1944-10-30 , 女 , -1
	350428890304516 , 18719746.00 , [350428]福建-将乐县 , 1989-03-04 , 女 , -1
	350430050929729 , 18719777.00 , [350430]福建-建宁县 , 1905-09-29 , 男 , -1
	350430500204521 , 18719789.00 , [350430]福建-建宁县 , 1950-02-04 , 男 , -1
	350481270111025 , 18721145.00 , [350481]福建-永安市 , 1927-01-11 , 男 , -1
	350500440825649 , 18721657.00 , [350500]福建-泉州市 , 1944-08-25 , 男 , -1
	350501901116416 , 18721696.00 , [350501]福建-市辖区 , 1990-11-16 , 女 , -1
	350502500210944 , 18721712.00 , [350502]福建-鲤城区 , 1950-02-10 , 女 , -1
	350503960506001 , 18721751.00 , [350503]福建-丰泽区 , 1996-05-06 , 男 , -1
	350505271029796 , 18721786.00 , [350505]福建-泉港区 , 1927-10-29 , 女 , -1
	350505420804100 , 18721790.00 , [350505]福建-泉港区 , 1942-08-04 , 女 , -1
	350505870127204 , 18721802.00 , [350505]福建-泉港区 , 1987-01-27 , 女 , -1
	350524030510369 , 18722287.00 , [350524]福建-安溪县 , 1903-05-10 , 男 , -1
	350525640628900 , 18722330.00 , [350525]福建-永春县 , 1964-06-28 , 女 , -1
	350525790407556 , 18722334.00 , [350525]福建-永春县 , 1979-04-07 , 女 , -1
	350527400530129 , 18722377.00 , [350527]福建-金门县 , 1940-05-30 , 男 , -1
	350527550309161 , 18722381.00 , [350527]福建-金门县 , 1955-03-09 , 男 , -1
	350581060916100 , 18723810.00 , [350581]福建-石狮市 , 1906-09-16 , 女 , -1
	350581210706596 , 18723814.00 , [350581]福建-石狮市 , 1921-07-06 , 女 , -1
	350583270329161 , 18723869.00 , [350583]福建-南安市 , 1927-03-29 , 男 , -1
	350583420120129 , 18723873.00 , [350583]福建-南安市 , 1942-01-20 , 男 , -1
	350628471205776 , 18725076.00 , [350628]福建-平和县 , 1947-12-05 , 女 , -1
	350628621006400 , 18725080.00 , [350628]福建-平和县 , 1962-10-06 , 女 , -1
	350628770807056 , 18725084.00 , [350628]福建-平和县 , 1977-08-07 , 女 , -1
	350628920607744 , 18725088.00 , [350628]福建-平和县 , 1992-06-07 , 女 , -1
	350629070408464 , 18725092.00 , [350629]福建-华安县 , 1907-04-08 , 女 , -1
	350629220209216 , 18725096.00 , [350629]福建-华安县 , 1922-02-09 , 女 , -1
	350701090810225 , 18727015.00 , [350701]福建-市辖区 , 1909-08-10 , 男 , -1
	350701240626361 , 18727019.00 , [350701]福建-市辖区 , 1924-06-26 , 男 , -1
	350721541008721 , 18727561.00 , [350721]福建-顺昌县 , 1954-10-08 , 男 , -1
	350721690829225 , 18727565.00 , [350721]福建-顺昌县 , 1969-08-29 , 男 , -1
	350722290111561 , 18727581.00 , [350722]福建-浦城县 , 1929-01-11 , 男 , -1
	350723451222544 , 18727612.00 , [350723]福建-光泽县 , 1945-12-22 , 女 , -1
	350724050506384 , 18727628.00 , [350724]福建-松溪县 , 1905-05-06 , 女 , -1
	350724200327424 , 18727632.00 , [350724]福建-松溪县 , 1920-03-27 , 女 , -1
	350725810905625 , 18727675.00 , [350725]福建-政和县 , 1981-09-05 , 男 , -1
	350725960727041 , 18727679.00 , [350725]福建-政和县 , 1996-07-27 , 男 , -1
	350782220930761 , 18729181.00 , [350782]福建-武夷山市 , 1922-09-30 , 男 , -1
	350784580811536 , 18729244.00 , [350784]福建-建阳市 , 1958-08-11 , 女 , -1
	350800351012225 , 18729665.00 , [350800]福建-龙岩市 , 1935-10-12 , 男 , -1
	350800800524329 , 18729677.00 , [350800]福建-龙岩市 , 1980-05-24 , 男 , -1
	350802561116176 , 18729724.00 , [350802]福建-新罗区 , 1956-11-16 , 女 , -1
	350821740615696 , 18730236.00 , [350821]福建-长汀县 , 1974-06-15 , 女 , -1
	350823651102369 , 18730287.00 , [350823]福建-上杭县 , 1965-11-02 , 男 , -1
	350824100629401 , 18730299.00 , [350824]福建-武平县 , 1910-06-29 , 男 , -1
	350824400314249 , 18730307.00 , [350824]福建-武平县 , 1940-03-14 , 男 , -1
	350881080512400 , 18731820.00 , [350881]福建-漳平市 , 1908-05-12 , 女 , -1
	350881380221584 , 18731828.00 , [350881]福建-漳平市 , 1938-02-21 , 女 , -1
	350901461028496 , 18732364.00 , [350901]福建-市辖区 , 1946-10-28 , 女 , -1
	350901910605376 , 18732376.00 , [350901]福建-市辖区 , 1991-06-05 , 女 , -1
	350902210323456 , 18732384.00 , [350902]福建-蕉城区 , 1921-03-23 , 女 , -1
	350923190907136 , 18732944.00 , [350923]福建-屏南县 , 1919-09-07 , 女 , -1
	350923940225296 , 18732964.00 , [350923]福建-屏南县 , 1994-02-25 , 女 , -1
	350925701126121 , 18733011.00 , [350925]福建-周宁县 , 1970-11-26 , 男 , -1
	350926150718529 , 18733023.00 , [350926]福建-柘荣县 , 1915-07-18 , 男 , -1
	350926600311225 , 18733035.00 , [350926]福建-柘荣县 , 1960-03-11 , 男 , -1
	350981040622144 , 18734488.00 , [350981]福建-福安市 , 1904-06-22 , 女 , -1
	350981640126016 , 18734504.00 , [350981]福建-福安市 , 1964-01-26 , 女 , -1
	360000191216241 , 18973671.00 , [360000]江西-江西省 , 1919-12-16 , 男 , -1
	360000760426596 , 18973686.00 , [360000]江西-江西省 , 1976-04-26 , 女 , -1
	360100341216100 , 18976310.00 , [360100]江西-南昌市 , 1934-12-16 , 女 , -1
	360100910505625 , 18976325.00 , [360100]江西-南昌市 , 1991-05-05 , 男 , -1
	360102580424161 , 18976369.00 , [360102]江西-东湖区 , 1958-04-24 , 男 , -1
	360103870818409 , 18976403.00 , [360103]江西-西湖区 , 1987-08-18 , 男 , -1
	360104440110724 , 18976418.00 , [360104]江西-青云谱区 , 1944-01-10 , 女 , -1
	360105161214969 , 18976437.00 , [360105]江西-湾里区 , 1916-12-14 , 男 , -1
	360105730508304 , 18976452.00 , [360105]江西-湾里区 , 1973-05-08 , 女 , -1
	360121670904384 , 18976872.00 , [360121]江西-南昌县 , 1967-09-04 , 女 , -1
	360122240210769 , 18976887.00 , [360122]江西-新建县 , 1924-02-10 , 男 , -1
	360123151101921 , 18976911.00 , [360123]江西-安义县 , 1915-11-01 , 男 , -1
	360123720409476 , 18976926.00 , [360123]江西-安义县 , 1972-04-09 , 女 , -1
	360201150429156 , 18978966.00 , [360201]江西-市辖区 , 1915-04-29 , 女 , -1
	360201340218841 , 18978971.00 , [360201]江西-市辖区 , 1934-02-18 , 男 , -1
	360202251210025 , 18978995.00 , [360202]江西-昌江区 , 1925-12-10 , 男 , -1
	360301290412816 , 18981604.00 , [360301]江西-市辖区 , 1929-04-12 , 女 , -1
	360301480228881 , 18981609.00 , [360301]江西-市辖区 , 1948-02-28 , 男 , -1
	360313780416489 , 18981933.00 , [360313]江西-湘东区 , 1978-04-16 , 男 , -1
	360321601015321 , 18982139.00 , [360321]江西-莲花县 , 1960-10-15 , 男 , -1
	360322360301281 , 18982159.00 , [360322]江西-上栗县 , 1936-03-01 , 男 , -1
	360322550122896 , 18982164.00 , [360322]江西-上栗县 , 1955-01-22 , 女 , -1
	360323840911204 , 18982198.00 , [360323]江西-芦溪县 , 1984-09-11 , 女 , -1
	360400950724441 , 18984229.00 , [360400]江西-九江市 , 1995-07-24 , 男 , -1
	360401330409121 , 18984239.00 , [360401]江西-市辖区 , 1933-04-09 , 男 , -1
	360403001024089 , 18984283.00 , [360403]江西-浔阳区 , 1900-10-24 , 男 , -1
	360403380709849 , 18984293.00 , [360403]江西-浔阳区 , 1938-07-09 , 男 , -1
	360421150227121 , 18984761.00 , [360421]江西-九江县 , 1915-02-27 , 男 , -1
	360423770128900 , 18984830.00 , [360423]江西-武宁县 , 1977-01-28 , 女 , -1
	360427681014489 , 18984933.00 , [360427]江西-星子县 , 1968-10-14 , 男 , -1
	360428060713249 , 18984943.00 , [360428]江西-都昌县 , 1906-07-13 , 男 , -1
	360428440412209 , 18984953.00 , [360428]江西-都昌县 , 1944-04-12 , 男 , -1
	360428820111369 , 18984963.00 , [360428]江西-都昌县 , 1982-01-11 , 男 , -1
	360481220513649 , 18986343.00 , [360481]江西-瑞昌市 , 1922-05-13 , 男 , -1
	360481790104164 , 18986358.00 , [360481]江西-瑞昌市 , 1979-01-04 , 女 , -1
	360500321027716 , 18986846.00 , [360500]江西-新余市 , 1932-10-27 , 女 , -1
	360501080501956 , 18986866.00 , [360501]江西-市辖区 , 1908-05-01 , 女 , -1
	360501650108161 , 18986881.00 , [360501]江西-市辖区 , 1965-01-08 , 男 , -1
	360502941217225 , 18986915.00 , [360502]江西-渝水区 , 1994-12-17 , 男 , -1
	360521130911236 , 18987394.00 , [360521]江西-分宜县 , 1913-09-11 , 女 , -1
	360521890407396 , 18987414.00 , [360521]江西-分宜县 , 1989-04-07 , 女 , -1
	360602971223401 , 18989549.00 , [360602]江西-月湖区 , 1997-12-23 , 男 , -1
	360622150922916 , 18990054.00 , [360622]江西-余江县 , 1915-09-22 , 女 , -1
	360622340823481 , 18990059.00 , [360622]江西-余江县 , 1934-08-23 , 男 , -1
	360622530724096 , 18990064.00 , [360622]江西-余江县 , 1953-07-24 , 女 , -1
	360622720624761 , 18990069.00 , [360622]江西-余江县 , 1972-06-24 , 男 , -1
	360622910525476 , 18990074.00 , [360622]江西-余江县 , 1991-05-25 , 女 , -1
	360681440308225 , 18991615.00 , [360681]江西-贵溪市 , 1944-03-08 , 男 , -1
	360681630224400 , 18991620.00 , [360681]江西-贵溪市 , 1963-02-24 , 女 , -1
	360700090315236 , 18992106.00 , [360700]江西-赣州市 , 1909-03-15 , 女 , -1
	360702711230625 , 18992175.00 , [360702]江西-章贡区 , 1971-12-30 , 男 , -1
	360722881202436 , 18992706.00 , [360722]江西-信丰县 , 1988-12-02 , 女 , -1
	360723071129521 , 18992711.00 , [360723]江西-大余县 , 1907-11-29 , 男 , -1
	360723640911076 , 18992726.00 , [360723]江西-大余县 , 1964-09-11 , 女 , -1
	360724400620516 , 18992746.00 , [360724]江西-上犹县 , 1940-06-20 , 女 , -1
	360724970403121 , 18992761.00 , [360724]江西-上犹县 , 1997-04-03 , 男 , -1
	360725160330756 , 18992766.00 , [360725]江西-崇义县 , 1916-03-30 , 女 , -1
	360725730113961 , 18992781.00 , [360725]江西-崇义县 , 1973-01-13 , 男 , -1
	360728351122500 , 18992850.00 , [360728]江西-定南县 , 1935-11-22 , 女 , -1
	360728920908225 , 18992865.00 , [360728]江西-定南县 , 1992-09-08 , 男 , -1
	360729680623225 , 18992885.00 , [360729]江西-全南县 , 1968-06-23 , 男 , -1
	360731010126400 , 18992920.00 , [360731]江西-于都县 , 1901-01-26 , 女 , -1
	360733441224256 , 18992984.00 , [360733]江西-会昌县 , 1944-12-24 , 女 , -1
	360734011014001 , 18992999.00 , [360734]江西-寻乌县 , 1901-10-14 , 男 , -1
	360734580804196 , 18993014.00 , [360734]江西-寻乌县 , 1958-08-04 , 女 , -1
	360735340525156 , 18993034.00 , [360735]江西-石城县 , 1934-05-25 , 女 , -1
	360735910316401 , 18993049.00 , [360735]江西-石城县 , 1991-03-16 , 男 , -1
	360781001223696 , 18994236.00 , [360781]江西-瑞金市 , 1900-12-23 , 女 , -1
	360781381108516 , 18994246.00 , [360781]江西-瑞金市 , 1938-11-08 , 女 , -1
	360782330821441 , 18994271.00 , [360782]江西-南康市 , 1933-08-21 , 男 , -1
	360782710706961 , 18994281.00 , [360782]江西-南康市 , 1971-07-06 , 男 , -1
	360801781217089 , 18994783.00 , [360801]江西-市辖区 , 1978-12-17 , 男 , -1
	360802161112849 , 18994793.00 , [360802]江西-吉州区 , 1916-11-12 , 男 , -1
	360802541008809 , 18994803.00 , [360802]江西-吉州区 , 1954-10-08 , 男 , -1
	360802920904969 , 18994813.00 , [360802]江西-吉州区 , 1992-09-04 , 男 , -1
	360803300801329 , 18994823.00 , [360803]江西-青原区 , 1930-08-01 , 男 , -1
	360821270127616 , 18995296.00 , [360821]江西-吉安县 , 1927-01-27 , 女 , -1
	360825031206025 , 18995395.00 , [360825]江西-永丰县 , 1903-12-06 , 男 , -1
	360825411114025 , 18995405.00 , [360825]江西-永丰县 , 1941-11-14 , 男 , -1
	360825791022225 , 18995415.00 , [360825]江西-永丰县 , 1979-10-22 , 男 , -1
	360826170930625 , 18995425.00 , [360826]江西-泰和县 , 1917-09-30 , 男 , -1
	360827120702500 , 18995450.00 , [360827]江西-遂川县 , 1912-07-02 , 女 , -1
	360827500611600 , 18995460.00 , [360827]江西-遂川县 , 1950-06-11 , 女 , -1
	360827880520900 , 18995470.00 , [360827]江西-遂川县 , 1988-05-20 , 女 , -1
	360828260430400 , 18995480.00 , [360828]江西-万安县 , 1926-04-30 , 女 , -1
	360829210205025 , 18995505.00 , [360829]江西-安福县 , 1921-02-05 , 男 , -1
	360829590115225 , 18995515.00 , [360829]江西-安福县 , 1959-01-15 , 男 , -1
	360900180901129 , 18997373.00 , [360900]江西-宜春市 , 1918-09-01 , 男 , -1
	360900750822544 , 18997388.00 , [360900]江西-宜春市 , 1975-08-22 , 女 , -1
	360901510718464 , 18997408.00 , [360901]江西-市辖区 , 1951-07-18 , 女 , -1
	360902270615184 , 18997428.00 , [360902]江西-袁州区 , 1927-06-15 , 女 , -1
	360921040318084 , 18997922.00 , [360921]江西-奉新县 , 1904-03-18 , 女 , -1
	360921990214809 , 18997947.00 , [360921]江西-奉新县 , 1999-02-14 , 男 , -1
	360922940112784 , 18997972.00 , [360922]江西-万载县 , 1994-01-12 , 女 , -1
	360981950225625 , 18999525.00 , [360981]江西-丰城市 , 1995-02-25 , 男 , -1
	360982140220900 , 18999530.00 , [360982]江西-樟树市 , 1914-02-20 , 女 , -1
	360982330216225 , 18999535.00 , [360982]江西-樟树市 , 1933-02-16 , 男 , -1
	360982520211600 , 18999540.00 , [360982]江西-樟树市 , 1952-02-11 , 女 , -1
	360982710207025 , 18999545.00 , [360982]江西-樟树市 , 1971-02-07 , 男 , -1
	360982900202500 , 18999550.00 , [360982]江西-樟树市 , 1990-02-02 , 女 , -1
	361021090308025 , 19000555.00 , [361021]江西-南城县 , 1909-03-08 , 男 , -1
	361021280313600 , 19000560.00 , [361021]江西-南城县 , 1928-03-13 , 女 , -1
	361021470319225 , 19000565.00 , [361021]江西-南城县 , 1947-03-19 , 男 , -1
	361021660324900 , 19000570.00 , [361021]江西-南城县 , 1966-03-24 , 女 , -1
	361021850330625 , 19000575.00 , [361021]江西-南城县 , 1985-03-30 , 男 , -1
	361024130403225 , 19000635.00 , [361024]江西-崇仁县 , 1913-04-03 , 男 , -1
	361024320409600 , 19000640.00 , [361024]江西-崇仁县 , 1932-04-09 , 女 , -1
	361024510416025 , 19000645.00 , [361024]江西-崇仁县 , 1951-04-16 , 男 , -1
	361024700422500 , 19000650.00 , [361024]江西-崇仁县 , 1970-04-22 , 女 , -1
	361024890429025 , 19000655.00 , [361024]江西-崇仁县 , 1989-04-29 , 男 , -1
	361026980504100 , 19000710.00 , [361026]江西-宜黄县 , 1998-05-04 , 女 , -1
	361027170511225 , 19000715.00 , [361027]江西-金溪县 , 1917-05-11 , 男 , -1
	361027360518400 , 19000720.00 , [361027]江西-金溪县 , 1936-05-18 , 女 , -1
	361027550525625 , 19000725.00 , [361027]江西-金溪县 , 1955-05-25 , 男 , -1
	361029640608400 , 19000780.00 , [361029]江西-东乡县 , 1964-06-08 , 女 , -1
	361029830616225 , 19000785.00 , [361029]江西-东乡县 , 1983-06-16 , 男 , -1
	361030020624100 , 19000790.00 , [361030]江西-广昌县 , 1902-06-24 , 女 , -1
	361100631011904 , 19002648.00 , [361100]江西-上饶市 , 1963-10-11 , 女 , -1
	361101391118224 , 19002668.00 , [361101]江西-市辖区 , 1939-11-18 , 女 , -1
	361102151225344 , 19002688.00 , [361102]江西-信州区 , 1915-12-25 , 女 , -1
	361121420208025 , 19003195.00 , [361121]江西-上饶县 , 1942-02-08 , 男 , -1
	361121990304100 , 19003210.00 , [361121]江西-上饶县 , 1999-03-04 , 女 , -1
	361123320530025 , 19003245.00 , [361123]江西-玉山县 , 1932-05-30 , 男 , -1
	361123890627600 , 19003260.00 , [361123]江西-玉山县 , 1989-06-27 , 女 , -1
	361124460725625 , 19003275.00 , [361124]江西-铅山县 , 1946-07-25 , 男 , -1
	361125030824100 , 19003290.00 , [361125]江西-横峰县 , 1903-08-24 , 女 , -1
	361125600923025 , 19003305.00 , [361125]江西-横峰县 , 1960-09-23 , 男 , -1
	361126171022400 , 19003320.00 , [361126]江西-弋阳县 , 1917-10-22 , 女 , -1
	361126741122225 , 19003335.00 , [361126]江西-弋阳县 , 1974-11-22 , 男 , -1
	361127311222500 , 19003350.00 , [361127]江西-余干县 , 1931-12-22 , 女 , -1
	361181130714756 , 19004766.00 , [361181]江西-德兴市 , 1913-07-14 , 女 , -1
	361181510810176 , 19004776.00 , [361181]江西-德兴市 , 1951-08-10 , 女 , -1
	361181890905796 , 19004786.00 , [361181]江西-德兴市 , 1989-09-05 , 女 , -1
	370000420806025 , 19235395.00 , [370000]山东-山东省 , 1942-08-06 , 男 , -1
	370000690101604 , 19235402.00 , [370000]山东-山东省 , 1969-01-01 , 女 , -1
	370000920926464 , 19235408.00 , [370000]山东-山东省 , 1992-09-26 , 女 , -1
	370103491229476 , 19238074.00 , [370103]山东-市中区 , 1949-12-29 , 女 , -1
	370113110328976 , 19238324.00 , [370113]山东-长清区 , 1911-03-28 , 女 , -1
	370113610525569 , 19238337.00 , [370113]山东-长清区 , 1961-05-25 , 男 , -1
	370124461027161 , 19238619.00 , [370124]山东-平阴县 , 1946-10-27 , 男 , -1
	370124961231424 , 19238632.00 , [370124]山东-平阴县 , 1996-12-31 , 女 , -1
	370126000118281 , 19238659.00 , [370126]山东-商河县 , 1900-01-18 , 男 , -1
	370126500323584 , 19238672.00 , [370126]山东-商河县 , 1950-03-23 , 女 , -1
	370181640411025 , 19240105.00 , [370181]山东-章丘市 , 1964-04-11 , 男 , -1
	370200380510464 , 19240592.00 , [370200]山东-青岛市 , 1938-05-10 , 女 , -1
	370201381021924 , 19240618.00 , [370201]山东-市辖区 , 1938-10-21 , 女 , -1
	370202650903801 , 19240651.00 , [370202]山东-市南区 , 1965-09-03 , 男 , -1
	370203420530241 , 19240671.00 , [370203]山东-市北区 , 1942-05-30 , 男 , -1
	370205960303169 , 19240737.00 , [370205]山东-四方区 , 1996-03-03 , 男 , -1
	370211771028544 , 19240888.00 , [370211]山东-黄岛区 , 1977-10-28 , 女 , -1
	370212040401025 , 19240895.00 , [370212]山东-崂山区 , 1904-04-01 , 男 , -1
	370213040928241 , 19240921.00 , [370213]山东-李沧区 , 1904-09-28 , 男 , -1
	370213310301184 , 19240928.00 , [370213]山东-李沧区 , 1931-03-01 , 女 , -1
	370214310830116 , 19240954.00 , [370214]山东-城阳区 , 1931-08-30 , 女 , -1
	370214580203521 , 19240961.00 , [370214]山东-城阳区 , 1958-02-03 , 男 , -1
	370283850903121 , 19242761.00 , [370283]山东-平度市 , 1985-09-03 , 男 , -1
	370284120301824 , 19242768.00 , [370284]山东-胶南市 , 1912-03-01 , 女 , -1
	370284351215076 , 19242774.00 , [370284]山东-胶南市 , 1935-12-15 , 女 , -1
	370284620613961 , 19242781.00 , [370284]山东-胶南市 , 1962-06-13 , 男 , -1
	370285120926436 , 19242794.00 , [370285]山东-莱西市 , 1912-09-26 , 女 , -1
	370285390325601 , 19242801.00 , [370285]山东-莱西市 , 1939-03-25 , 男 , -1
	370301131104100 , 19243210.00 , [370301]山东-市辖区 , 1913-11-04 , 女 , -1
	370301400509089 , 19243217.00 , [370301]山东-市辖区 , 1940-05-09 , 男 , -1
	370303671212176 , 19243276.00 , [370303]山东-张店区 , 1967-12-12 , 女 , -1
	370303940618089 , 19243283.00 , [370303]山东-张店区 , 1994-06-18 , 男 , -1
	370305711002241 , 19243329.00 , [370305]山东-临淄区 , 1971-10-02 , 男 , -1
	370305980408896 , 19243336.00 , [370305]山东-临淄区 , 1998-04-08 , 女 , -1
	370321760112516 , 19243746.00 , [370321]山东-桓台县 , 1976-01-12 , 女 , -1
	370323261126225 , 19243785.00 , [370323]山东-沂源县 , 1926-11-26 , 男 , -1
	370400471215681 , 19245791.00 , [370400]山东-枣庄市 , 1947-12-15 , 男 , -1
	370402280322244 , 19245838.00 , [370402]山东-市中区 , 1928-03-22 , 女 , -1
	370402780714201 , 19245851.00 , [370402]山东-市中区 , 1978-07-14 , 男 , -1
	370403281106496 , 19245864.00 , [370403]山东-薛城区 , 1928-11-06 , 女 , -1
	370405090219921 , 19245911.00 , [370405]山东-台儿庄区 , 1909-02-19 , 男 , -1
	370405590613776 , 19245924.00 , [370405]山东-台儿庄区 , 1959-06-13 , 女 , -1
	370406091007969 , 19245937.00 , [370406]山东-山亭区 , 1909-10-07 , 男 , -1
	370481500426816 , 19247896.00 , [370481]山东-滕州市 , 1950-04-26 , 女 , -1
	370500171121161 , 19248381.00 , [370500]山东-东营市 , 1917-11-21 , 男 , -1
	370502480930481 , 19248441.00 , [370502]山东-东营区 , 1948-09-30 , 男 , -1
	370502750408704 , 19248448.00 , [370502]山东-东营区 , 1975-04-08 , 女 , -1
	370521691123600 , 19248940.00 , [370521]山东-垦利县 , 1969-11-23 , 女 , -1
	370521960608809 , 19248947.00 , [370521]山东-垦利县 , 1996-06-08 , 男 , -1
	370523500526169 , 19248987.00 , [370523]山东-广饶县 , 1950-05-26 , 男 , -1
	370601270514049 , 19251007.00 , [370601]山东-市辖区 , 1927-05-14 , 男 , -1
	370611281105289 , 19251267.00 , [370611]山东-福山区 , 1928-11-05 , 男 , -1
	370611550623076 , 19251274.00 , [370611]山东-福山区 , 1955-06-23 , 女 , -1
	370612821208249 , 19251307.00 , [370612]山东-牟平区 , 1982-12-08 , 男 , -1
	370613090726596 , 19251314.00 , [370613]山东-莱山区 , 1909-07-26 , 女 , -1
	370634691015625 , 19251875.00 , [370634]山东-长岛县 , 1969-10-15 , 男 , -1
	370681320523396 , 19253086.00 , [370681]山东-龙口市 , 1932-05-23 , 女 , -1
	370681821103801 , 19253099.00 , [370681]山东-龙口市 , 1982-11-03 , 男 , -1
	370682591228161 , 19253119.00 , [370682]山东-莱阳市 , 1959-12-28 , 男 , -1
	370683130315689 , 19253133.00 , [370683]山东-莱州市 , 1913-03-15 , 男 , -1
	370684401023556 , 19253166.00 , [370684]山东-蓬莱市 , 1940-10-23 , 女 , -1
	370684940112400 , 19253180.00 , [370684]山东-蓬莱市 , 1994-01-12 , 女 , -1
	370686210823369 , 19253213.00 , [370686]山东-栖霞市 , 1921-08-23 , 男 , -1
	370700920424025 , 19253595.00 , [370700]山东-潍坊市 , 1992-04-24 , 男 , -1
	370701421017664 , 19253608.00 , [370701]山东-市辖区 , 1942-10-17 , 女 , -1
	370701960118884 , 19253622.00 , [370701]山东-市辖区 , 1996-01-18 , 女 , -1
	370702460713225 , 19253635.00 , [370702]山东-潍城区 , 1946-07-13 , 男 , -1
	370703500410244 , 19253662.00 , [370703]山东-寒亭区 , 1950-04-10 , 女 , -1
	370704001005625 , 19253675.00 , [370704]山东-坊子区 , 1900-10-05 , 男 , -1
	370704540108721 , 19253689.00 , [370704]山东-坊子区 , 1954-01-08 , 男 , -1
	370705040704804 , 19253702.00 , [370705]山东-奎文区 , 1904-07-04 , 女 , -1
	370724140623204 , 19254198.00 , [370724]山东-临朐县 , 1914-06-23 , 女 , -1
	370725950520025 , 19254245.00 , [370725]山东-昌乐县 , 1995-05-20 , 男 , -1
	370782021001401 , 19255701.00 , [370782]山东-诸城市 , 1902-10-01 , 男 , -1
	370782791229841 , 19255721.00 , [370782]山东-诸城市 , 1979-12-29 , 男 , -1
	370783060809984 , 19255728.00 , [370783]山东-寿光市 , 1906-08-09 , 女 , -1
	370784100620025 , 19255755.00 , [370784]山东-安丘市 , 1910-06-20 , 男 , -1
	370801431002025 , 19256205.00 , [370801]山东-市辖区 , 1943-10-02 , 男 , -1
	370802740425121 , 19256239.00 , [370802]山东-市中区 , 1974-04-25 , 男 , -1
	370811790912676 , 19256474.00 , [370811]山东-任城区 , 1979-09-12 , 女 , -1
	370826811114496 , 19256864.00 , [370826]山东-微山县 , 1981-11-14 , 女 , -1
	370827080710641 , 19256871.00 , [370827]山东-鱼台县 , 1908-07-10 , 男 , -1
	370827350306884 , 19256878.00 , [370827]山东-鱼台县 , 1935-03-06 , 女 , -1
	370830200330304 , 19256952.00 , [370830]山东-汶上县 , 1920-03-30 , 女 , -1
	370830701011225 , 19256965.00 , [370830]山东-汶上县 , 1970-10-11 , 男 , -1
	370830970608784 , 19256972.00 , [370830]山东-汶上县 , 1997-06-08 , 女 , -1
	370831240206441 , 19256979.00 , [370831]山东-泗水县 , 1924-02-06 , 男 , -1
	370881040425984 , 19258272.00 , [370881]山东-曲阜市 , 1904-04-25 , 女 , -1
	370882850705761 , 19258319.00 , [370882]山东-兖州市 , 1985-07-05 , 男 , -1
	370883120322276 , 19258326.00 , [370883]山东-邹城市 , 1912-03-22 , 女 , -1
	370900260430441 , 19258771.00 , [370900]山东-泰安市 , 1926-04-30 , 男 , -1
	370901300404804 , 19258798.00 , [370901]山东-市辖区 , 1930-04-04 , 女 , -1
	370902841110244 , 19258838.00 , [370902]山东-泰山区 , 1984-11-10 , 女 , -1
	370911430601721 , 19259061.00 , [370911]山东-岱岳区 , 1943-06-01 , 男 , -1
	370911700228624 , 19259068.00 , [370911]山东-岱岳区 , 1970-02-28 , 女 , -1
	370923140203225 , 19259365.00 , [370923]山东-东平县 , 1914-02-03 , 男 , -1
	370983000724561 , 19260919.00 , [370983]山东-肥城市 , 1900-07-24 , 男 , -1
	371002300416400 , 19261420.00 , [371002]山东-环翠区 , 1930-04-16 , 女 , -1
	371002801213489 , 19261433.00 , [371002]山东-环翠区 , 1980-12-13 , 男 , -1
	371083511006784 , 19263528.00 , [371083]山东-乳山市 , 1951-10-06 , 女 , -1
	371101041024289 , 19263983.00 , [371101]山东-市辖区 , 1904-10-24 , 男 , -1
	371101310720100 , 19263990.00 , [371101]山东-市辖区 , 1931-07-20 , 女 , -1
	371101580416009 , 19263997.00 , [371101]山东-市辖区 , 1958-04-16 , 男 , -1
	371101850112016 , 19264004.00 , [371101]山东-市辖区 , 1985-01-12 , 女 , -1
	371103660930601 , 19264051.00 , [371103]山东-岚山区 , 1966-09-30 , 男 , -1
	371103930627364 , 19264058.00 , [371103]山东-岚山区 , 1993-06-27 , 女 , -1
	371121461127169 , 19264513.00 , [371121]山东-五莲县 , 1946-11-27 , 男 , -1
	371121730830400 , 19264520.00 , [371121]山东-五莲县 , 1973-08-30 , 女 , -1
	371122771115209 , 19264547.00 , [371122]山东-莒县 , 1977-11-15 , 男 , -1
	371200180101136 , 19266556.00 , [371200]山东-莱芜市 , 1918-01-01 , 女 , -1
	371200681031761 , 19266569.00 , [371200]山东-莱芜市 , 1968-10-31 , 男 , -1
	371201490228100 , 19266590.00 , [371201]山东-市辖区 , 1949-02-28 , 女 , -1
	371202530624689 , 19266617.00 , [371202]山东-莱城区 , 1953-06-24 , 男 , -1
	371203571022736 , 19266644.00 , [371203]山东-钢城区 , 1957-10-22 , 女 , -1
	371300951027241 , 19269171.00 , [371300]山东-临沂市 , 1995-10-27 , 男 , -1
	371302030101601 , 19269199.00 , [371302]山东-兰山区 , 1903-01-01 , 男 , -1
	371311510608025 , 19269445.00 , [371311]山东-罗庄区 , 1951-06-08 , 男 , -1
	371321261011204 , 19269698.00 , [371321]山东-沂南县 , 1926-10-11 , 女 , -1
	371322340115076 , 19269726.00 , [371322]山东-郯城县 , 1934-01-15 , 女 , -1
	371322841128121 , 19269739.00 , [371322]山东-郯城县 , 1984-11-28 , 男 , -1
	371323110904516 , 19269746.00 , [371323]山东-沂水县 , 1911-09-04 , 女 , -1
	371324691025369 , 19269787.00 , [371324]山东-苍山县 , 1969-10-25 , 男 , -1
	371324960802436 , 19269794.00 , [371324]山东-苍山县 , 1996-08-02 , 女 , -1
	371326540927225 , 19269835.00 , [371326]山东-平邑县 , 1954-09-27 , 男 , -1
	371326810704964 , 19269842.00 , [371326]山东-平邑县 , 1981-07-04 , 女 , -1
	371328660612100 , 19269890.00 , [371328]山东-蒙阴县 , 1966-06-12 , 女 , -1
	371422510905625 , 19272325.00 , [371422]山东-宁津县 , 1951-09-05 , 男 , -1
	371422780718224 , 19272332.00 , [371422]山东-宁津县 , 1978-07-18 , 女 , -1
	371423050530921 , 19272339.00 , [371423]山东-庆云县 , 1905-05-30 , 男 , -1
	371425440304801 , 19272401.00 , [371425]山东-齐河县 , 1944-03-04 , 男 , -1
	371425710118464 , 19272408.00 , [371425]山东-齐河县 , 1971-01-18 , 女 , -1
	371426211201241 , 19272421.00 , [371426]山东-平原县 , 1921-12-01 , 男 , -1
	371426481015184 , 19272428.00 , [371426]山东-平原县 , 1948-10-15 , 女 , -1
	371426750829225 , 19272435.00 , [371426]山东-平原县 , 1975-08-29 , 男 , -1
	371481370917904 , 19273852.00 , [371481]山东-乐陵市 , 1937-09-17 , 女 , -1
	371482180420129 , 19273873.00 , [371482]山东-禹城市 , 1918-04-20 , 男 , -1
	371500490825104 , 19274348.00 , [371500]山东-聊城市 , 1949-08-25 , 女 , -1
	371501030507044 , 19274362.00 , [371501]山东-市辖区 , 1903-05-07 , 女 , -1
	371502611006409 , 19274403.00 , [371502]山东-东昌府区 , 1961-10-06 , 男 , -1
	371521230312996 , 19274886.00 , [371521]山东-阳谷县 , 1923-03-12 , 女 , -1
	371522541006400 , 19274920.00 , [371522]山东-莘县 , 1954-10-06 , 女 , -1
	371523080704356 , 19274934.00 , [371523]山东-茌平县 , 1908-07-04 , 女 , -1
	371523620402704 , 19274948.00 , [371523]山东-茌平县 , 1962-04-02 , 女 , -1
	371524160101444 , 19274962.00 , [371524]山东-东阿县 , 1916-01-01 , 女 , -1
	371581100520721 , 19276439.00 , [371581]山东-临清市 , 1910-05-20 , 男 , -1
	371581910131600 , 19276460.00 , [371581]山东-临清市 , 1991-01-31 , 女 , -1
	371600030224900 , 19276930.00 , [371600]山东-滨州市 , 1903-02-24 , 女 , -1
	371600300101969 , 19276937.00 , [371600]山东-滨州市 , 1930-01-01 , 男 , -1
	371601880812484 , 19276978.00 , [371601]山东-市辖区 , 1988-08-12 , 女 , -1
	371602960324036 , 19277006.00 , [371602]山东-滨城区 , 1996-03-24 , 女 , -1
	371621080930576 , 19277476.00 , [371621]山东-惠民县 , 1908-09-30 , 女 , -1
	371621350815289 , 19277483.00 , [371621]山东-惠民县 , 1935-08-15 , 男 , -1
	371622970125625 , 19277525.00 , [371622]山东-阳信县 , 1997-01-25 , 男 , -1
	371623741227025 , 19277545.00 , [371623]山东-无棣县 , 1974-12-27 , 男 , -1
	371624011112704 , 19277552.00 , [371624]山东-沾化县 , 1901-11-12 , 女 , -1
	371625630428836 , 19277594.00 , [371625]山东-博兴县 , 1963-04-28 , 女 , -1
	371625900315201 , 19277601.00 , [371625]山东-博兴县 , 1990-03-15 , 男 , -1
	371626170201664 , 19277608.00 , [371626]山东-邹平县 , 1917-02-01 , 女 , -1
	371701510911844 , 19279562.00 , [371701]山东-市辖区 , 1951-09-11 , 女 , -1
	371701780825761 , 19279569.00 , [371701]山东-市辖区 , 1978-08-25 , 男 , -1
	371721870408100 , 19280090.00 , [371721]山东-曹县 , 1987-04-08 , 女 , -1
	371722140329409 , 19280097.00 , [371722]山东-单县 , 1914-03-29 , 男 , -1
	371723991221025 , 19280145.00 , [371723]山东-成武县 , 1999-12-21 , 男 , -1
	371725070909929 , 19280173.00 , [371725]山东-郓城县 , 1907-09-09 , 男 , -1
	371726420523264 , 19280208.00 , [371726]山东-鄄城县 , 1942-05-23 , 女 , -1
	371727500215696 , 19280236.00 , [371727]山东-定陶县 , 1950-02-15 , 女 , -1
	410000780322576 , 20248476.00 , [410000]河南-河南省 , 1978-03-22 , 女 , -1
	410000820819529 , 20248477.00 , [410000]河南-河南省 , 1982-08-19 , 男 , -1
	410101340419681 , 20250959.00 , [410101]河南-市辖区 , 1934-04-19 , 男 , -1
	410101380921600 , 20250960.00 , [410101]河南-市辖区 , 1938-09-21 , 女 , -1
	410105350119364 , 20251058.00 , [410105]河南-金水区 , 1935-01-19 , 女 , -1
	410105390621481 , 20251059.00 , [410105]河南-金水区 , 1939-06-21 , 男 , -1
	410105431123600 , 20251060.00 , [410105]河南-金水区 , 1943-11-23 , 女 , -1
	410106970205604 , 20251098.00 , [410106]河南-上街区 , 1997-02-05 , 女 , -1
	410183360904256 , 20252984.00 , [410183]河南-新密市 , 1936-09-04 , 女 , -1
	410184130518009 , 20253003.00 , [410184]河南-新郑市 , 1913-05-18 , 男 , -1
	410184171024016 , 20253004.00 , [410184]河南-新郑市 , 1917-10-24 , 女 , -1
	410201710312969 , 20253437.00 , [410201]河南-市辖区 , 1971-03-12 , 男 , -1
	410201750819844 , 20253438.00 , [410201]河南-市辖区 , 1975-08-19 , 女 , -1
	410204100222016 , 20253496.00 , [410204]河南-鼓楼区 , 1910-02-22 , 女 , -1
	410204140729009 , 20253497.00 , [410204]河南-鼓楼区 , 1914-07-29 , 男 , -1
	410205720503296 , 20253536.00 , [410205]河南-禹王台区 , 1972-05-03 , 女 , -1
	410205761010369 , 20253537.00 , [410205]河南-禹王台区 , 1976-10-10 , 男 , -1
	410211351005625 , 20253675.00 , [410211]河南-金明区 , 1935-10-05 , 男 , -1
	410222490602500 , 20253950.00 , [410222]河南-通许县 , 1949-06-02 , 女 , -1
	410222531110401 , 20253951.00 , [410222]河南-通许县 , 1953-11-10 , 男 , -1
	410224070412121 , 20253989.00 , [410224]河南-开封县 , 1907-04-12 , 男 , -1
	410224110920100 , 20253990.00 , [410224]河南-开封县 , 1911-09-20 , 女 , -1
	410225650224784 , 20254028.00 , [410225]河南-兰考县 , 1965-02-24 , 女 , -1
	410301120203881 , 20255891.00 , [410301]河南-市辖区 , 1912-02-03 , 男 , -1
	410301160715664 , 20255892.00 , [410301]河南-市辖区 , 1916-07-15 , 女 , -1
	410301201227449 , 20255893.00 , [410301]河南-市辖区 , 1920-12-27 , 男 , -1
	410303510402500 , 20255950.00 , [410303]河南-西工区 , 1951-04-02 , 女 , -1
	410303550914401 , 20255951.00 , [410303]河南-西工区 , 1955-09-14 , 男 , -1
	410304280128961 , 20255969.00 , [410304]河南-瀍河回族区 , 1928-01-28 , 男 , -1
	410305900608081 , 20256009.00 , [410305]河南-涧西区 , 1990-06-08 , 男 , -1
	410305941120100 , 20256010.00 , [410305]河南-涧西区 , 1994-11-20 , 女 , -1
	410322510703561 , 20256419.00 , [410322]河南-孟津县 , 1951-07-03 , 男 , -1
	410322551216400 , 20256420.00 , [410322]河南-孟津县 , 1955-12-16 , 女 , -1
	410324090705764 , 20256458.00 , [410324]河南-栾川县 , 1909-07-05 , 女 , -1
	410324131218681 , 20256459.00 , [410324]河南-栾川县 , 1913-12-18 , 男 , -1
	410325670711009 , 20256497.00 , [410325]河南-嵩县 , 1967-07-11 , 男 , -1
	410325711224004 , 20256498.00 , [410325]河南-嵩县 , 1971-12-24 , 女 , -1
	410327210206225 , 20256535.00 , [410327]河南-宜阳县 , 1921-02-06 , 男 , -1
	410327250719296 , 20256536.00 , [410327]河南-宜阳县 , 1925-07-19 , 女 , -1
	410328790217476 , 20256574.00 , [410328]河南-洛宁县 , 1979-02-17 , 女 , -1
	410328830730625 , 20256575.00 , [410328]河南-洛宁县 , 1983-07-30 , 男 , -1
	410400461105649 , 20258343.00 , [410400]河南-平顶山市 , 1946-11-05 , 男 , -1
	410401190406321 , 20258361.00 , [410401]河南-市辖区 , 1919-04-06 , 男 , -1
	410401230923044 , 20258362.00 , [410401]河南-市辖区 , 1923-09-23 , 女 , -1
	410401960224400 , 20258380.00 , [410401]河南-市辖区 , 1996-02-24 , 女 , -1
	410404350716721 , 20258439.00 , [410404]河南-石龙区 , 1935-07-16 , 男 , -1
	410422340407689 , 20258883.00 , [410422]河南-叶县 , 1934-04-07 , 男 , -1
	410422380925456 , 20258884.00 , [410422]河南-叶县 , 1938-09-25 , 女 , -1
	410423920602084 , 20258922.00 , [410423]河南-鲁山县 , 1992-06-02 , 女 , -1
	410423961119929 , 20258923.00 , [410423]河南-鲁山县 , 1996-11-19 , 男 , -1
	410500340812864 , 20260808.00 , [410500]河南-安阳市 , 1934-08-12 , 女 , -1
	410501070202276 , 20260826.00 , [410501]河南-市辖区 , 1907-02-02 , 女 , -1
	410501110723929 , 20260827.00 , [410501]河南-市辖区 , 1911-07-23 , 男 , -1
	410501840114025 , 20260845.00 , [410501]河南-市辖区 , 1984-01-14 , 男 , -1
	410505000811929 , 20260923.00 , [410505]河南-殷都区 , 1900-08-11 , 男 , -1
	410505730205481 , 20260941.00 , [410505]河南-殷都区 , 1973-02-05 , 男 , -1
	410505770727364 , 20260942.00 , [410505]河南-殷都区 , 1977-07-27 , 女 , -1
	410506500121600 , 20260960.00 , [410506]河南-龙安区 , 1950-01-21 , 女 , -1
	410522101209025 , 20261345.00 , [410522]河南-安阳县 , 1910-12-09 , 男 , -1
	410522830617769 , 20261363.00 , [410522]河南-安阳县 , 1983-06-17 , 男 , -1
	410526720808681 , 20261459.00 , [410526]河南-滑县 , 1972-08-08 , 男 , -1
	410527450221529 , 20261477.00 , [410527]河南-内黄县 , 1945-02-21 , 男 , -1
	410601651102864 , 20263308.00 , [410601]河南-市辖区 , 1965-11-02 , 女 , -1
	410602421108929 , 20263327.00 , [410602]河南-鹤山区 , 1942-11-08 , 男 , -1
	410603191115716 , 20263346.00 , [410603]河南-山城区 , 1919-11-15 , 女 , -1
	410603961123225 , 20263365.00 , [410603]河南-山城区 , 1996-11-23 , 男 , -1
	410611620710916 , 20263554.00 , [410611]河南-淇滨区 , 1962-07-10 , 女 , -1
	410700420405025 , 20265745.00 , [410700]河南-新乡市 , 1942-04-05 , 男 , -1
	410701190503696 , 20265764.00 , [410701]河南-市辖区 , 1919-05-03 , 女 , -1
	410701960603089 , 20265783.00 , [410701]河南-市辖区 , 1996-06-03 , 男 , -1
	410702730703204 , 20265802.00 , [410702]河南-红旗区 , 1973-07-03 , 女 , -1
	410703500804041 , 20265821.00 , [410703]河南-卫滨区 , 1950-08-04 , 男 , -1
	410704270905600 , 20265840.00 , [410704]河南-凤泉区 , 1927-09-05 , 女 , -1
	410724050603584 , 20266328.00 , [410724]河南-获嘉县 , 1905-06-03 , 女 , -1
	410724820724409 , 20266347.00 , [410724]河南-获嘉县 , 1982-07-24 , 男 , -1
	410725550313225 , 20266365.00 , [410725]河南-原阳县 , 1955-03-13 , 男 , -1
	410727901214929 , 20266423.00 , [410727]河南-封丘县 , 1990-12-14 , 男 , -1
	410728630806481 , 20266441.00 , [410728]河南-长垣县 , 1963-08-06 , 男 , -1
	410802120208516 , 20268254.00 , [410802]河南-解放区 , 1912-02-08 , 女 , -1
	410802890402529 , 20268273.00 , [410802]河南-解放区 , 1989-04-02 , 男 , -1
	410811930102016 , 20268496.00 , [410811]河南-山阳区 , 1993-01-02 , 女 , -1
	410821740112644 , 20268738.00 , [410821]河南-修武县 , 1974-01-12 , 女 , -1
	410822510325049 , 20268757.00 , [410822]河南-博爱县 , 1951-03-25 , 男 , -1
	410825510106561 , 20268831.00 , [410825]河南-温县 , 1951-01-06 , 男 , -1
	410881170201616 , 20270204.00 , [410881]河南-济源市 , 1917-02-01 , 女 , -1
	410881981010176 , 20270224.00 , [410881]河南-济源市 , 1998-10-10 , 女 , -1
	410883481008121 , 20270261.00 , [410883]河南-孟州市 , 1948-10-08 , 男 , -1
	410900710910596 , 20270686.00 , [410900]河南-濮阳市 , 1971-09-10 , 女 , -1
	410901400114209 , 20270703.00 , [410901]河南-市辖区 , 1940-01-14 , 男 , -1
	410902170401284 , 20270722.00 , [410902]河南-华龙区 , 1917-04-01 , 女 , -1
	410902981230564 , 20270742.00 , [410902]河南-华龙区 , 1998-12-30 , 女 , -1
	410922400830841 , 20271221.00 , [410922]河南-清丰县 , 1940-08-30 , 男 , -1
	410923900902564 , 20271258.00 , [410923]河南-南乐县 , 1990-09-02 , 女 , -1
	410926090201344 , 20271312.00 , [410926]河南-范县 , 1909-02-01 , 女 , -1
	410926860511561 , 20271331.00 , [410926]河南-范县 , 1986-05-11 , 男 , -1
	410927630822500 , 20271350.00 , [410927]河南-台前县 , 1963-08-22 , 女 , -1
	411000610922500 , 20273150.00 , [411000]河南-许昌市 , 1961-09-22 , 女 , -1
	411001300209889 , 20273167.00 , [411001]河南-市辖区 , 1930-02-09 , 男 , -1
	411002800425616 , 20273204.00 , [411002]河南-魏都区 , 1980-04-25 , 女 , -1
	411024290302756 , 20273734.00 , [411024]河南-鄢陵县 , 1929-03-02 , 女 , -1
	411025060705009 , 20273753.00 , [411025]河南-襄城县 , 1906-07-05 , 男 , -1
	411025831107984 , 20273772.00 , [411025]河南-襄城县 , 1983-11-07 , 女 , -1
	411081220919044 , 20275138.00 , [411081]河南-禹州市 , 1922-09-19 , 女 , -1
	411081950824336 , 20275156.00 , [411081]河南-禹州市 , 1995-08-24 , 女 , -1
	411082680730276 , 20275174.00 , [411082]河南-长葛市 , 1968-07-30 , 女 , -1
	411100320320881 , 20275609.00 , [411100]河南-漯河市 , 1932-03-20 , 男 , -1
	411101820717316 , 20275646.00 , [411101]河南-市辖区 , 1982-07-17 , 女 , -1
	411103321116489 , 20275683.00 , [411103]河南-郾城区 , 1932-11-16 , 男 , -1
	411104740415524 , 20275718.00 , [411104]河南-召陵区 , 1974-04-15 , 女 , -1
	411122421031716 , 20276154.00 , [411122]河南-临颍县 , 1942-10-31 , 女 , -1
	411200690711056 , 20278084.00 , [411200]河南-三门峡市 , 1969-07-11 , 女 , -1
	411201420722404 , 20278102.00 , [411201]河南-市辖区 , 1942-07-22 , 女 , -1
	411221090716569 , 20278587.00 , [411221]河南-渑池县 , 1909-07-16 , 男 , -1
	411222510218884 , 20278622.00 , [411222]河南-陕县 , 1951-02-18 , 女 , -1
	411224700312976 , 20278676.00 , [411224]河南-卢氏县 , 1970-03-12 , 女 , -1
	411281320325184 , 20280072.00 , [411281]河南-义马市 , 1932-03-25 , 女 , -1
	411282050408100 , 20280090.00 , [411282]河南-灵宝市 , 1905-04-08 , 女 , -1
	411300181008369 , 20280537.00 , [411300]河南-南阳市 , 1918-10-08 , 男 , -1
	411300911108025 , 20280555.00 , [411300]河南-南阳市 , 1991-11-08 , 男 , -1
	411301641208329 , 20280573.00 , [411301]河南-市辖区 , 1964-12-08 , 男 , -1
	411321070226704 , 20281052.00 , [411321]河南-南召县 , 1907-02-26 , 女 , -1
	411321840907041 , 20281071.00 , [411321]河南-南召县 , 1984-09-07 , 男 , -1
	411322571025921 , 20281089.00 , [411322]河南-方城县 , 1957-10-25 , 男 , -1
	411323990703376 , 20281124.00 , [411323]河南-西峡县 , 1999-07-03 , 女 , -1
	411324720824164 , 20281142.00 , [411324]河南-镇平县 , 1972-08-24 , 女 , -1
	411326140505329 , 20281177.00 , [411326]河南-淅川县 , 1914-05-05 , 男 , -1
	411326870628025 , 20281195.00 , [411326]河南-淅川县 , 1987-06-28 , 男 , -1
	411328290312900 , 20281230.00 , [411328]河南-唐河县 , 1929-03-12 , 女 , -1
	411329791125289 , 20281267.00 , [411329]河南-新野县 , 1979-11-25 , 男 , -1
	411330440126089 , 20281283.00 , [411330]河南-桐柏县 , 1944-01-26 , 男 , -1
	411381591111936 , 20282544.00 , [411381]河南-邓州市 , 1959-11-11 , 女 , -1
	411400900320400 , 20283020.00 , [411400]河南-商丘市 , 1990-03-20 , 女 , -1
	411401630509444 , 20283038.00 , [411401]河南-市辖区 , 1963-05-09 , 女 , -1
	411403050323329 , 20283073.00 , [411403]河南-睢阳区 , 1905-03-23 , 男 , -1
	411403780514281 , 20283091.00 , [411403]河南-睢阳区 , 1978-05-14 , 男 , -1
	411422400602500 , 20283550.00 , [411422]河南-睢县 , 1940-06-02 , 女 , -1
	411423130810624 , 20283568.00 , [411423]河南-宁陵县 , 1913-08-10 , 女 , -1
	411423861019396 , 20283586.00 , [411423]河南-宁陵县 , 1986-10-19 , 女 , -1
	411424591228816 , 20283604.00 , [411424]河南-柘城县 , 1959-12-28 , 女 , -1
	411425240304400 , 20283620.00 , [411425]河南-虞城县 , 1924-03-04 , 女 , -1
	411425970515044 , 20283638.00 , [411425]河南-虞城县 , 1997-05-15 , 女 , -1
	411426700726336 , 20283656.00 , [411426]河南-夏邑县 , 1970-07-26 , 女 , -1
	411481590130081 , 20285009.00 , [411481]河南-永城市 , 1959-01-30 , 男 , -1
	411500861114256 , 20285484.00 , [411500]河南-信阳市 , 1986-11-14 , 女 , -1
	411501550821001 , 20285501.00 , [411501]河南-市辖区 , 1955-08-21 , 男 , -1
	411502240528324 , 20285518.00 , [411502]河南-浉河区 , 1924-05-28 , 女 , -1
	411502970807296 , 20285536.00 , [411502]河南-浉河区 , 1997-08-07 , 女 , -1
	411503660515809 , 20285553.00 , [411503]河南-平桥区 , 1966-05-15 , 男 , -1
	411524230323600 , 20286060.00 , [411524]河南-商城县 , 1923-03-23 , 女 , -1
	411524960622084 , 20286078.00 , [411524]河南-商城县 , 1996-06-22 , 女 , -1
	411525690921216 , 20286096.00 , [411525]河南-固始县 , 1969-09-21 , 女 , -1
	411526421220996 , 20286114.00 , [411526]河南-潢川县 , 1942-12-20 , 女 , -1
	411527760105609 , 20286147.00 , [411527]河南-淮滨县 , 1976-01-05 , 男 , -1
	411528490407225 , 20286165.00 , [411528]河南-息县 , 1949-04-07 , 男 , -1
	411602741120025 , 20287995.00 , [411602]河南-川汇区 , 1974-11-20 , 男 , -1
	411621000518025 , 20288445.00 , [411621]河南-扶沟县 , 1900-05-18 , 男 , -1
	411621690325444 , 20288462.00 , [411621]河南-扶沟县 , 1969-03-25 , 女 , -1
	411621730902369 , 20288463.00 , [411621]河南-扶沟县 , 1973-09-02 , 男 , -1
	411622420710400 , 20288480.00 , [411622]河南-西华县 , 1942-07-10 , 女 , -1
	411623110519009 , 20288497.00 , [411623]河南-商水县 , 1911-05-19 , 男 , -1
	411623800328196 , 20288514.00 , [411623]河南-商水县 , 1980-03-28 , 女 , -1
	411623840905225 , 20288515.00 , [411623]河南-商水县 , 1984-09-05 , 男 , -1
	411624530715024 , 20288532.00 , [411624]河南-沈丘县 , 1953-07-15 , 女 , -1
	411625220525401 , 20288549.00 , [411625]河南-郸城县 , 1922-05-25 , 男 , -1
	411625261102500 , 20288550.00 , [411625]河南-郸城县 , 1926-11-02 , 女 , -1
	411625950913489 , 20288567.00 , [411625]河南-郸城县 , 1995-09-13 , 男 , -1
	411626640725056 , 20288584.00 , [411626]河南-淮阳县 , 1964-07-25 , 女 , -1
	411627371114404 , 20288602.00 , [411627]河南-太康县 , 1937-11-14 , 女 , -1
	411628060927161 , 20288619.00 , [411628]河南-鹿邑县 , 1906-09-27 , 男 , -1
	411700210417609 , 20290397.00 , [411700]河南-驻马店市 , 1921-04-17 , 男 , -1
	411702320621601 , 20290449.00 , [411702]河南-驿城区 , 1932-06-21 , 男 , -1
	411702361202500 , 20290450.00 , [411702]河南-驿城区 , 1936-12-02 , 女 , -1
	411723301213156 , 20290966.00 , [411723]河南-平舆县 , 1930-12-13 , 女 , -1
	411723950524324 , 20290982.00 , [411723]河南-平舆县 , 1995-05-24 , 女 , -1
	411723991106289 , 20290983.00 , [411723]河南-平舆县 , 1999-11-06 , 男 , -1
	411724640418001 , 20290999.00 , [411724]河南-正阳县 , 1964-04-18 , 男 , -1
	411725330312256 , 20291016.00 , [411725]河南-确山县 , 1933-03-12 , 女 , -1
	411726020207089 , 20291033.00 , [411726]河南-泌阳县 , 1902-02-07 , 男 , -1
	411726710102500 , 20291050.00 , [411726]河南-泌阳县 , 1971-01-02 , 女 , -1
	420000920917776 , 20493924.00 , [420000]湖北-湖北省 , 1992-09-17 , 女 , -1
	420101470126129 , 20496377.00 , [420101]湖北-市辖区 , 1947-01-26 , 男 , -1
	420101511118884 , 20496378.00 , [420101]湖北-市辖区 , 1951-11-18 , 女 , -1
	420102740902464 , 20496408.00 , [420102]湖北-江岸区 , 1974-09-02 , 女 , -1
	420103150830724 , 20496418.00 , [420103]湖北-江汉区 , 1915-08-30 , 女 , -1
	420104380616704 , 20496448.00 , [420104]湖北-硚口区 , 1938-06-16 , 女 , -1
	420105610404484 , 20496478.00 , [420105]湖北-汉阳区 , 1961-04-04 , 女 , -1
	420107250124324 , 20496518.00 , [420107]湖北-青山区 , 1925-01-24 , 女 , -1
	420107291117361 , 20496519.00 , [420107]湖北-青山区 , 1929-11-17 , 男 , -1
	420112661222500 , 20496650.00 , [420112]湖北-东西湖区 , 1966-12-22 , 女 , -1
	420113891022400 , 20496680.00 , [420113]湖北-汉南区 , 1989-10-22 , 女 , -1
	420115120824100 , 20496710.00 , [420115]湖北-江夏区 , 1912-08-24 , 女 , -1
	420116350627600 , 20496740.00 , [420116]湖北-黄陂区 , 1935-06-27 , 女 , -1
	420201170418481 , 20498809.00 , [420201]湖北-市辖区 , 1917-04-18 , 男 , -1
	420202810324801 , 20498849.00 , [420202]湖北-黄石港区 , 1981-03-24 , 男 , -1
	420203220301881 , 20498859.00 , [420203]湖北-西塞山区 , 1922-03-01 , 男 , -1
	420204860212201 , 20498899.00 , [420204]湖北-下陆区 , 1986-02-12 , 男 , -1
	420281980608400 , 20500780.00 , [420281]湖北-大冶市 , 1998-06-08 , 女 , -1
	420300390510441 , 20501229.00 , [420300]湖北-十堰市 , 1939-05-10 , 男 , -1
	420302030610361 , 20501269.00 , [420302]湖北-茅箭区 , 1903-06-10 , 男 , -1
	420303670713481 , 20501309.00 , [420303]湖北-张湾区 , 1967-07-13 , 男 , -1
	420321261020644 , 20501738.00 , [420321]湖北-郧县 , 1926-10-20 , 女 , -1
	420322450122289 , 20501767.00 , [420322]湖北-郧西县 , 1945-01-22 , 男 , -1
	420322491125824 , 20501768.00 , [420322]湖北-郧西县 , 1949-11-25 , 女 , -1
	420323680229209 , 20501797.00 , [420323]湖北-竹山县 , 1968-02-29 , 男 , -1
	420324500301489 , 20501817.00 , [420324]湖北-竹溪县 , 1950-03-01 , 男 , -1
	420325730411409 , 20501847.00 , [420325]湖北-房县 , 1973-04-11 , 男 , -1
	420381620304100 , 20503210.00 , [420381]湖北-丹江口市 , 1962-03-04 , 女 , -1
	420501490613689 , 20506133.00 , [420501]湖北-市辖区 , 1949-06-13 , 男 , -1
	420503131105929 , 20506173.00 , [420503]湖北-伍家岗区 , 1913-11-05 , 男 , -1
	420503500217124 , 20506182.00 , [420503]湖北-伍家岗区 , 1950-02-17 , 女 , -1
	420503541229489 , 20506183.00 , [420503]湖北-伍家岗区 , 1954-12-29 , 男 , -1
	420505140713284 , 20506222.00 , [420505]湖北-猇亭区 , 1914-07-13 , 女 , -1
	420506781212644 , 20506262.00 , [420506]湖北-夷陵区 , 1978-12-12 , 女 , -1
	420525401104656 , 20506716.00 , [420525]湖北-远安县 , 1940-11-04 , 女 , -1
	420525770225625 , 20506725.00 , [420525]湖北-远安县 , 1977-02-25 , 男 , -1
	420527000630025 , 20506755.00 , [420527]湖北-秭归县 , 1900-06-30 , 男 , -1
	420529420430596 , 20506814.00 , [420529]湖北-五峰土家族自治县 , 1942-04-30 , 女 , -1
	420581140205625 , 20508075.00 , [420581]湖北-宜都市 , 1914-02-05 , 男 , -1
	420581181221776 , 20508076.00 , [420581]湖北-宜都市 , 1918-12-21 , 女 , -1
	420581960529025 , 20508095.00 , [420581]湖北-宜都市 , 1996-05-29 , 男 , -1
	420583191015625 , 20508125.00 , [420583]湖北-枝江市 , 1919-10-15 , 男 , -1
	420583970324736 , 20508144.00 , [420583]湖北-枝江市 , 1997-03-24 , 女 , -1
	420600910222249 , 20508557.00 , [420600]湖北-襄樊市 , 1991-02-22 , 男 , -1
	420602550908409 , 20508597.00 , [420602]湖北-襄城区 , 1955-09-08 , 男 , -1
	420606160429225 , 20508685.00 , [420606]湖北-樊城区 , 1916-04-29 , 男 , -1
	420606570603025 , 20508695.00 , [420606]湖北-樊城区 , 1957-06-03 , 男 , -1
	420607760108176 , 20508724.00 , [420607]湖北-襄阳区 , 1976-01-08 , 女 , -1
	420607801125625 , 20508725.00 , [420607]湖北-襄阳区 , 1980-11-25 , 男 , -1
	420624290302129 , 20509127.00 , [420624]湖北-南漳县 , 1929-03-02 , 男 , -1
	420626341217329 , 20509177.00 , [420626]湖北-保康县 , 1934-12-17 , 男 , -1
	420683440703761 , 20510569.00 , [420683]湖北-枣阳市 , 1944-07-03 , 男 , -1
	420683850915241 , 20510579.00 , [420683]湖北-枣阳市 , 1985-09-15 , 男 , -1
	420684220105744 , 20510588.00 , [420684]湖北-宜城市 , 1922-01-05 , 女 , -1
	420684261126921 , 20510589.00 , [420684]湖北-宜城市 , 1926-11-26 , 男 , -1
	420684630317604 , 20510598.00 , [420684]湖北-宜城市 , 1963-03-17 , 女 , -1
	420701531220100 , 20511010.00 , [420701]湖北-市辖区 , 1953-12-20 , 女 , -1
	420701900418361 , 20511019.00 , [420701]湖北-市辖区 , 1990-04-18 , 男 , -1
	420704320722084 , 20511078.00 , [420704]湖北-鄂城区 , 1932-07-22 , 女 , -1
	420800441123241 , 20513421.00 , [420800]湖北-荆门市 , 1944-11-23 , 男 , -1
	420801630902500 , 20513450.00 , [420801]湖北-市辖区 , 1963-09-02 , 女 , -1
	420802410413961 , 20513469.00 , [420802]湖北-东宝区 , 1941-04-13 , 男 , -1
	420804831006784 , 20513528.00 , [420804]湖北-掇刀区 , 1983-10-06 , 女 , -1
	420821570212096 , 20513936.00 , [420821]湖北-京山县 , 1957-02-12 , 女 , -1
	420900101222500 , 20515850.00 , [420900]湖北-孝感市 , 1910-12-22 , 女 , -1
	420900470507881 , 20515859.00 , [420900]湖北-孝感市 , 1947-05-07 , 男 , -1
	420900880825161 , 20515869.00 , [420900]湖北-孝感市 , 1988-08-25 , 男 , -1
	420901250110884 , 20515878.00 , [420901]湖北-市辖区 , 1925-01-10 , 女 , -1
	420901660428544 , 20515888.00 , [420901]湖北-市辖区 , 1966-04-28 , 女 , -1
	420922751025604 , 20516402.00 , [420922]湖北-大悟县 , 1975-10-25 , 女 , -1
	420923120320921 , 20516411.00 , [420923]湖北-云梦县 , 1912-03-20 , 男 , -1
	420981471015889 , 20517833.00 , [420981]湖北-应城市 , 1947-10-15 , 男 , -1
	421000881109636 , 20518306.00 , [421000]湖北-荆州市 , 1988-11-09 , 女 , -1
	421001660805625 , 20518325.00 , [421001]湖北-市辖区 , 1966-08-05 , 男 , -1
	421002440502336 , 20518344.00 , [421002]湖北-沙市区 , 1944-05-02 , 女 , -1
	421022220418276 , 20518826.00 , [421022]湖北-公安县 , 1922-04-18 , 女 , -1
	421023410511025 , 20518855.00 , [421023]湖北-监利县 , 1941-05-11 , 男 , -1
	421024190227876 , 20518874.00 , [421024]湖北-江陵县 , 1919-02-27 , 女 , -1
	421024600605456 , 20518884.00 , [421024]湖北-江陵县 , 1960-06-05 , 女 , -1
	421083040414864 , 20520308.00 , [421083]湖北-洪湖市 , 1904-04-14 , 女 , -1
	421083450821124 , 20520318.00 , [421083]湖北-洪湖市 , 1945-08-21 , 女 , -1
	421083861227584 , 20520328.00 , [421083]湖北-洪湖市 , 1986-12-27 , 女 , -1
	421087390731396 , 20520414.00 , [421087]湖北-松滋市 , 1939-07-31 , 女 , -1
	421121660520001 , 20521249.00 , [421121]湖北-团风县 , 1966-05-20 , 男 , -1
	421122440327824 , 20521268.00 , [421122]湖北-红安县 , 1944-03-27 , 女 , -1
	421125231224896 , 20521336.00 , [421125]湖北-浠水县 , 1923-12-24 , 女 , -1
	421125600609025 , 20521345.00 , [421125]湖北-浠水县 , 1960-06-09 , 男 , -1
	421126380420496 , 20521364.00 , [421126]湖北-蕲春县 , 1938-04-20 , 女 , -1
	421181051108416 , 20522696.00 , [421181]湖北-麻城市 , 1905-11-08 , 女 , -1
	421181420517025 , 20522705.00 , [421181]湖北-麻城市 , 1942-05-17 , 男 , -1
	421201450915249 , 20523193.00 , [421201]湖北-市辖区 , 1945-09-15 , 男 , -1
	421202600214841 , 20523221.00 , [421202]湖北-咸安区 , 1960-02-14 , 男 , -1
	421221851216100 , 20523690.00 , [421221]湖北-嘉鱼县 , 1985-12-16 , 女 , -1
	421222631116681 , 20523709.00 , [421222]湖北-通城县 , 1963-11-16 , 男 , -1
	421223411017984 , 20523728.00 , [421223]湖北-崇阳县 , 1941-10-17 , 女 , -1
	421224190920009 , 20523747.00 , [421224]湖北-通山县 , 1919-09-20 , 男 , -1
	421224970822756 , 20523766.00 , [421224]湖北-通山县 , 1997-08-22 , 女 , -1
	421281700421904 , 20525148.00 , [421281]湖北-赤壁市 , 1970-04-21 , 女 , -1
	421300050104025 , 20525595.00 , [421300]湖北-随州市 , 1905-01-04 , 男 , -1
	421300460616025 , 20525605.00 , [421300]湖北-随州市 , 1946-06-16 , 男 , -1
	421300871128225 , 20525615.00 , [421300]湖北-随州市 , 1987-11-28 , 男 , -1
	421301651101956 , 20525634.00 , [421301]湖北-市辖区 , 1965-11-01 , 女 , -1
	421381130104900 , 20527570.00 , [421381]湖北-广水市 , 1913-01-04 , 女 , -1
	421381951208100 , 20527590.00 , [421381]湖北-广水市 , 1995-12-08 , 女 , -1
	422800120906816 , 20562104.00 , [422800]湖北-恩施土家族苗族自治州 , 1912-09-06 , 女 , -1
	422800491024769 , 20562113.00 , [422800]湖北-恩施土家族苗族自治州 , 1949-10-24 , 男 , -1
	422802670611556 , 20562166.00 , [422802]湖北-利川市 , 1967-06-11 , 女 , -1
	422822410521316 , 20562646.00 , [422822]湖北-建始县 , 1941-05-21 , 女 , -1
	422823520904929 , 20562673.00 , [422823]湖北-巴东县 , 1952-09-04 , 男 , -1
	422825330422089 , 20562717.00 , [422825]湖北-宣恩县 , 1933-04-22 , 男 , -1
	422826440809536 , 20562744.00 , [422826]湖北-咸丰县 , 1944-08-09 , 女 , -1
	422827880202841 , 20562779.00 , [422827]湖北-来凤县 , 1988-02-02 , 男 , -1
	429000241207041 , 20712321.00 , [429000]湖北-省直辖县级行政单位 , 1924-12-07 , 男 , -1
	429004300831561 , 20712419.00 , [429004]湖北-仙桃市 , 1930-08-31 , 男 , -1
	429004590805476 , 20712426.00 , [429004]湖北-仙桃市 , 1959-08-05 , 女 , -1
	429005460727809 , 20712447.00 , [429005]湖北-潜江市 , 1946-07-27 , 男 , -1
	429005750702116 , 20712454.00 , [429005]湖北-潜江市 , 1975-07-02 , 女 , -1
	429006620625625 , 20712475.00 , [429006]湖北-天门市 , 1962-06-25 , 男 , -1
	429021160906276 , 20712826.00 , [429021]湖北-神农架林区 , 1916-09-06 , 女 , -1
	430104420403681 , 20738959.00 , [430104]湖南-岳麓区 , 1942-04-03 , 男 , -1
	430105540308196 , 20738986.00 , [430105]湖南-开福区 , 1954-03-08 , 女 , -1
	430121260603225 , 20739365.00 , [430121]湖南-长沙县 , 1926-06-03 , 男 , -1
	430122380529664 , 20739392.00 , [430122]湖南-望城县 , 1938-05-29 , 女 , -1
	430200281212900 , 20741270.00 , [430200]湖南-株洲市 , 1928-12-12 , 女 , -1
	430200530108176 , 20741276.00 , [430200]湖南-株洲市 , 1953-01-08 , 女 , -1
	430201940516100 , 20741310.00 , [430201]湖南-市辖区 , 1994-05-16 , 女 , -1
	430203350926336 , 20741344.00 , [430203]湖南-芦淞区 , 1935-09-26 , 女 , -1
	430203890201449 , 20741357.00 , [430203]湖南-芦淞区 , 1989-02-01 , 男 , -1
	430221810920521 , 20741789.00 , [430221]湖南-株洲县 , 1981-09-20 , 男 , -1
	430224590324736 , 20741856.00 , [430224]湖南-茶陵县 , 1959-03-24 , 女 , -1
	430224880710769 , 20741863.00 , [430224]湖南-茶陵县 , 1988-07-10 , 男 , -1
	430281300427729 , 20743223.00 , [430281]湖南-醴陵市 , 1930-04-27 , 男 , -1
	430300011018276 , 20743674.00 , [430300]湖南-湘潭市 , 1901-10-18 , 女 , -1
	430301380101849 , 20743707.00 , [430301]湖南-市辖区 , 1938-01-01 , 男 , -1
	430301670513796 , 20743714.00 , [430301]湖南-市辖区 , 1967-05-13 , 女 , -1
	430301960925841 , 20743721.00 , [430301]湖南-市辖区 , 1996-09-25 , 男 , -1
	430381081114384 , 20745628.00 , [430381]湖南-湘乡市 , 1908-11-14 , 女 , -1
	430382450326921 , 20745661.00 , [430382]湖南-韶山市 , 1945-03-26 , 男 , -1
	430401661023376 , 20746124.00 , [430401]湖南-市辖区 , 1966-10-23 , 女 , -1
	430406100705361 , 20746231.00 , [430406]湖南-雁峰区 , 1910-07-05 , 男 , -1
	430406640107536 , 20746244.00 , [430406]湖南-雁峰区 , 1964-01-07 , 女 , -1
	430407221002564 , 20746258.00 , [430407]湖南-石鼓区 , 1922-10-02 , 女 , -1
	430407760405441 , 20746271.00 , [430407]湖南-石鼓区 , 1976-04-05 , 男 , -1
	430408880704804 , 20746298.00 , [430408]湖南-蒸湘区 , 1988-07-04 , 女 , -1
	430412200118884 , 20746378.00 , [430412]湖南-南岳区 , 1920-01-18 , 女 , -1
	430412781017664 , 20746392.00 , [430412]湖南-南岳区 , 1978-10-17 , 女 , -1
	430421121107649 , 20746593.00 , [430421]湖南-衡阳县 , 1912-11-07 , 男 , -1
	430421660519236 , 20746606.00 , [430421]湖南-衡阳县 , 1966-05-19 , 女 , -1
	430423610702409 , 20746653.00 , [430423]湖南-衡山县 , 1961-07-02 , 男 , -1
	430424150115556 , 20746666.00 , [430424]湖南-衡东县 , 1915-01-15 , 女 , -1
	430424731022400 , 20746680.00 , [430424]湖南-衡东县 , 1973-10-22 , 女 , -1
	430426100304369 , 20746713.00 , [430426]湖南-祁东县 , 1910-03-04 , 男 , -1
	430426681212529 , 20746727.00 , [430426]湖南-祁东县 , 1968-12-12 , 男 , -1
	430482450221041 , 20748071.00 , [430482]湖南-常宁市 , 1945-02-21 , 男 , -1
	430500750214144 , 20748512.00 , [430500]湖南-邵阳市 , 1975-02-14 , 女 , -1
	430502161114116 , 20748546.00 , [430502]湖南-双清区 , 1916-11-14 , 女 , -1
	430503530519241 , 20748579.00 , [430503]湖南-大祥区 , 1953-05-19 , 男 , -1
	430511290522756 , 20748766.00 , [430511]湖南-北塔区 , 1929-05-22 , 女 , -1
	430511581005529 , 20748773.00 , [430511]湖南-北塔区 , 1958-10-05 , 男 , -1
	430522660921600 , 20749040.00 , [430522]湖南-新邵县 , 1966-09-21 , 女 , -1
	430524860322649 , 20749093.00 , [430524]湖南-隆回县 , 1986-03-22 , 男 , -1
	430527101227609 , 20749147.00 , [430527]湖南-绥宁县 , 1910-12-27 , 男 , -1
	430527350217409 , 20749153.00 , [430527]湖南-绥宁县 , 1935-02-17 , 男 , -1
	430527640705600 , 20749160.00 , [430527]湖南-绥宁县 , 1964-07-05 , 女 , -1
	430529591128849 , 20749207.00 , [430529]湖南-城步苗族自治县 , 1959-11-28 , 男 , -1
	430529840119369 , 20749213.00 , [430529]湖南-城步苗族自治县 , 1984-01-19 , 男 , -1
	430581341206116 , 20750454.00 , [430581]湖南-武冈市 , 1934-12-06 , 女 , -1
	430581590211600 , 20750460.00 , [430581]湖南-武冈市 , 1959-02-11 , 女 , -1
	430581880718089 , 20750467.00 , [430581]湖南-武冈市 , 1988-07-18 , 男 , -1
	430602050408209 , 20750953.00 , [430602]湖南-岳阳楼区 , 1905-04-08 , 男 , -1
	430602340921600 , 20750960.00 , [430602]湖南-岳阳楼区 , 1934-09-21 , 女 , -1
	430611720406596 , 20751186.00 , [430611]湖南-君山区 , 1972-04-06 , 女 , -1
	430621390513561 , 20751419.00 , [430621]湖南-岳阳县 , 1939-05-13 , 男 , -1
	430623050628681 , 20751459.00 , [430623]湖南-华容县 , 1905-06-28 , 男 , -1
	430624171208196 , 20751486.00 , [430624]湖南-湘阴县 , 1917-12-08 , 女 , -1
	430624420226064 , 20751492.00 , [430624]湖南-湘阴县 , 1942-02-26 , 女 , -1
	430626910408704 , 20751552.00 , [430626]湖南-平江县 , 1991-04-08 , 女 , -1
	430681530225424 , 20752868.00 , [430681]湖南-汨罗市 , 1953-02-25 , 女 , -1
	430700291022400 , 20753320.00 , [430700]湖南-常德市 , 1929-10-22 , 女 , -1
	430700830608889 , 20753333.00 , [430700]湖南-常德市 , 1983-06-08 , 男 , -1
	430702200329956 , 20753366.00 , [430702]湖南-武陵区 , 1920-03-29 , 女 , -1
	430703321012449 , 20753393.00 , [430703]湖南-鼎城区 , 1932-10-12 , 男 , -1
	430721210622976 , 20753824.00 , [430721]湖南-安乡县 , 1921-06-22 , 女 , -1
	430721750222569 , 20753837.00 , [430721]湖南-安乡县 , 1975-02-22 , 男 , -1
	430722870930496 , 20753864.00 , [430722]湖南-汉寿县 , 1987-09-30 , 女 , -1
	430723410531129 , 20753877.00 , [430723]湖南-澧县 , 1941-05-31 , 男 , -1
	430726440602500 , 20753950.00 , [430726]湖南-石门县 , 1944-06-02 , 女 , -1
	430726980205369 , 20753963.00 , [430726]湖南-石门县 , 1998-02-05 , 男 , -1
	430781440325625 , 20755275.00 , [430781]湖南-津市市 , 1944-03-25 , 男 , -1
	430800950505025 , 20755745.00 , [430800]湖南-张家界市 , 1995-05-05 , 男 , -1
	430811951120100 , 20756010.00 , [430811]湖南-武陵源区 , 1995-11-20 , 女 , -1
	430822080112516 , 20756254.00 , [430822]湖南-桑植县 , 1908-01-12 , 女 , -1
	430900500808449 , 20758143.00 , [430900]湖南-益阳市 , 1950-08-08 , 男 , -1
	430901040520336 , 20758156.00 , [430901]湖南-市辖区 , 1904-05-20 , 女 , -1
	430903780601284 , 20758222.00 , [430903]湖南-赫山区 , 1978-06-01 , 女 , -1
	430921300718736 , 20758644.00 , [430921]湖南-南县 , 1930-07-18 , 女 , -1
	430923210516100 , 20758690.00 , [430923]湖南-安化县 , 1921-05-16 , 女 , -1
	430981170727396 , 20760086.00 , [430981]湖南-沅江市 , 1917-07-27 , 女 , -1
	431000270218116 , 20760546.00 , [431000]湖南-郴州市 , 1927-02-18 , 女 , -1
	431001640415241 , 20760579.00 , [431001]湖南-市辖区 , 1964-04-15 , 男 , -1
	431003010614544 , 20760612.00 , [431003]湖南-苏仙区 , 1901-06-14 , 女 , -1
	431021031014116 , 20761046.00 , [431021]湖南-桂阳县 , 1903-10-14 , 女 , -1
	431021570801481 , 20761059.00 , [431021]湖南-桂阳县 , 1957-08-01 , 男 , -1
	431023480821025 , 20761105.00 , [431023]湖南-永兴县 , 1948-08-21 , 男 , -1
	431024020609924 , 20761118.00 , [431024]湖南-嘉禾县 , 1902-06-09 , 女 , -1
	431026470425329 , 20761177.00 , [431026]湖南-汝城县 , 1947-04-25 , 男 , -1
	431027010216100 , 20761190.00 , [431027]湖南-桂东县 , 1901-02-16 , 女 , -1
	431028671112900 , 20761230.00 , [431028]湖南-安仁县 , 1967-11-12 , 女 , -1
	431081530825009 , 20762503.00 , [431081]湖南-资兴市 , 1953-08-25 , 男 , -1
	431100591013444 , 20762962.00 , [431100]湖南-永州市 , 1959-10-13 , 女 , -1
	431102210526001 , 20763001.00 , [431102]湖南-零陵区 , 1921-05-26 , 男 , -1
	431102501208064 , 20763008.00 , [431102]湖南-零陵区 , 1950-12-08 , 女 , -1
	431103290202729 , 20763027.00 , [431103]湖南-冷水滩区 , 1929-02-02 , 男 , -1
	431121811021729 , 20763473.00 , [431121]湖南-祁阳县 , 1981-10-21 , 男 , -1
	431122890723001 , 20763499.00 , [431122]湖南-东安县 , 1989-07-23 , 男 , -1
	431123970425625 , 20763525.00 , [431123]湖南-双牌县 , 1997-04-25 , 男 , -1
	431124261115024 , 20763532.00 , [431124]湖南-道县 , 1926-11-15 , 女 , -1
	431125050129601 , 20763551.00 , [431125]湖南-江永县 , 1905-01-29 , 男 , -1
	431125340819364 , 20763558.00 , [431125]湖南-江永县 , 1934-08-19 , 女 , -1
	431126420525056 , 20763584.00 , [431126]湖南-宁远县 , 1942-05-25 , 女 , -1
	431126711215281 , 20763591.00 , [431126]湖南-宁远县 , 1971-12-15 , 男 , -1
	431127790922689 , 20763617.00 , [431127]湖南-蓝山县 , 1979-09-22 , 男 , -1
	431200300521769 , 20765363.00 , [431200]湖南-怀化市 , 1930-05-21 , 男 , -1
	431200840421376 , 20765376.00 , [431200]湖南-怀化市 , 1984-04-21 , 女 , -1
	431201380321321 , 20765389.00 , [431201]湖南-市辖区 , 1938-03-21 , 男 , -1
	431201920221604 , 20765402.00 , [431201]湖南-市辖区 , 1992-02-21 , 女 , -1
	431202460122225 , 20765415.00 , [431202]湖南-鹤城区 , 1946-01-22 , 男 , -1
	431221190729956 , 20765866.00 , [431221]湖南-中方县 , 1919-07-29 , 女 , -1
	431223641105625 , 20765925.00 , [431223]湖南-辰溪县 , 1964-11-05 , 男 , -1
	431224181019844 , 20765938.00 , [431224]湖南-溆浦县 , 1918-10-19 , 女 , -1
	431224430211136 , 20765944.00 , [431224]湖南-溆浦县 , 1943-02-11 , 女 , -1
	431224970125849 , 20765957.00 , [431224]湖南-溆浦县 , 1997-01-25 , 男 , -1
	431227420512256 , 20766016.00 , [431227]湖南-新晃侗族自治县 , 1942-05-12 , 女 , -1
	431227960428841 , 20766029.00 , [431227]湖南-新晃侗族自治县 , 1996-04-28 , 男 , -1
	431229870905625 , 20766075.00 , [431229]湖南-靖州苗族侗族自治县 , 1987-09-05 , 男 , -1
	431230410823744 , 20766088.00 , [431230]湖南-通道侗族自治县 , 1941-08-23 , 女 , -1
	431281870724929 , 20767327.00 , [431281]湖南-洪江市 , 1987-07-24 , 男 , -1
	431302430623684 , 20767822.00 , [431302]湖南-娄星区 , 1943-06-23 , 女 , -1
	431321080329441 , 20768271.00 , [431321]湖南-双峰县 , 1908-03-29 , 男 , -1
	431321620304656 , 20768284.00 , [431321]湖南-双峰县 , 1962-03-04 , 女 , -1
	431322991012489 , 20768317.00 , [431322]湖南-新化县 , 1999-10-12 , 男 , -1
	431381310417841 , 20769721.00 , [431381]湖南-冷水江市 , 1931-04-17 , 男 , -1
	431381850430756 , 20769734.00 , [431381]湖南-冷水江市 , 1985-04-30 , 女 , -1
	431382141207081 , 20769741.00 , [431382]湖南-涟源市 , 1914-12-07 , 男 , -1
	431382681220516 , 20769754.00 , [431382]湖南-涟源市 , 1968-12-20 , 女 , -1
	433100010213025 , 20811055.00 , [433100]湖南-湘西土家族苗族自治州 , 1901-02-13 , 男 , -1
	433122070212225 , 20811585.00 , [433122]湖南-泸溪县 , 1907-02-12 , 男 , -1
	433123360531456 , 20811616.00 , [433123]湖南-凤凰县 , 1936-05-31 , 女 , -1
	433124401112881 , 20811641.00 , [433124]湖南-花垣县 , 1940-11-12 , 男 , -1
	433126190915856 , 20811684.00 , [433126]湖南-古丈县 , 1919-09-15 , 女 , -1
	433127980722529 , 20811727.00 , [433127]湖南-永顺县 , 1998-07-22 , 男 , -1
	433130811122025 , 20811795.00 , [433130]湖南-龙山县 , 1981-11-22 , 男 , -1
	440000630820864 , 20976192.00 , [440000]广东-广东省 , 1963-08-20 , 女 , -1
	440100441202041 , 20978571.00 , [440100]广东-广州市 , 1944-12-02 , 男 , -1
	440101490131216 , 20978596.00 , [440101]广东-市辖区 , 1949-01-31 , 女 , -1
	440104930627684 , 20978678.00 , [440104]广东-越秀区 , 1993-06-27 , 女 , -1
	440105140414489 , 20978683.00 , [440105]广东-海珠区 , 1914-04-14 , 男 , -1
	440105350201344 , 20978688.00 , [440105]广东-海珠区 , 1935-02-01 , 女 , -1
	440111350126561 , 20978831.00 , [440111]广东-白云区 , 1935-01-26 , 男 , -1
	440112441026449 , 20978857.00 , [440112]广东-黄埔区 , 1944-10-26 , 男 , -1
	440112650815044 , 20978862.00 , [440112]广东-黄埔区 , 1965-08-15 , 女 , -1
	440112860603689 , 20978867.00 , [440112]广东-黄埔区 , 1986-06-03 , 男 , -1
	440116720723681 , 20978959.00 , [440116]广东-萝岗区 , 1972-07-23 , 男 , -1
	440116930513296 , 20978964.00 , [440116]广东-萝岗区 , 1993-05-13 , 女 , -1
	440205340307041 , 20981071.00 , [440205]广东-曲江区 , 1934-03-07 , 男 , -1
	440205550117776 , 20981076.00 , [440205]广东-曲江区 , 1955-01-17 , 女 , -1
	440222251212676 , 20981474.00 , [440222]广东-始兴县 , 1925-12-12 , 女 , -1
	440222461027441 , 20981479.00 , [440222]广东-始兴县 , 1946-10-27 , 男 , -1
	440229301016164 , 20981642.00 , [440229]广东-翁源县 , 1930-10-16 , 女 , -1
	440232280414369 , 20981713.00 , [440232]广东-乳源瑶族自治县 , 1928-04-14 , 男 , -1
	440281211128641 , 20982879.00 , [440281]广东-乐昌市 , 1921-11-28 , 男 , -1
	440281840615236 , 20982894.00 , [440281]广东-乐昌市 , 1984-06-15 , 女 , -1
	440282470102281 , 20982909.00 , [440282]广东-南雄市 , 1947-01-02 , 男 , -1
	440301480823044 , 20983362.00 , [440301]广东-市辖区 , 1948-08-23 , 女 , -1
	440303621128569 , 20983413.00 , [440303]广东-罗湖区 , 1962-11-28 , 男 , -1
	440306181108676 , 20983474.00 , [440306]广东-宝安区 , 1918-11-08 , 女 , -1
	440306810613121 , 20983489.00 , [440306]广东-宝安区 , 1981-06-13 , 男 , -1
	440307440118016 , 20983504.00 , [440307]广东-龙岗区 , 1944-01-18 , 女 , -1
	440400150118369 , 20985713.00 , [440400]广东-珠海市 , 1915-01-18 , 男 , -1
	440402080806081 , 20985759.00 , [440402]广东-香洲区 , 1908-08-06 , 男 , -1
	440402500521361 , 20985769.00 , [440402]广东-香洲区 , 1950-05-21 , 男 , -1
	440404431214225 , 20985815.00 , [440404]广东-金湾区 , 1943-12-14 , 男 , -1
	440404850930625 , 20985825.00 , [440404]广东-金湾区 , 1985-09-30 , 男 , -1
	440501391015625 , 20988125.00 , [440501]广东-市辖区 , 1939-10-15 , 男 , -1
	440512640722449 , 20988393.00 , [440512]广东-濠江区 , 1964-07-22 , 男 , -1
	440512850606404 , 20988398.00 , [440512]广东-濠江区 , 1985-06-06 , 女 , -1
	440523051026881 , 20988641.00 , [440523]广东-南澳县 , 1905-10-26 , 男 , -1
	440523260913316 , 20988646.00 , [440523]广东-南澳县 , 1926-09-13 , 女 , -1
	440600040725625 , 20990475.00 , [440600]广东-佛山市 , 1904-07-25 , 男 , -1
	440600250630400 , 20990480.00 , [440600]广东-佛山市 , 1925-06-30 , 女 , -1
	440604070906041 , 20990571.00 , [440604]广东-禅城区 , 1907-09-06 , 男 , -1
	440604280811776 , 20990576.00 , [440604]广东-禅城区 , 1928-08-11 , 女 , -1
	440604490717561 , 20990581.00 , [440604]广东-禅城区 , 1949-07-17 , 男 , -1
	440604700623396 , 20990586.00 , [440604]广东-禅城区 , 1970-06-23 , 女 , -1
	440604910529281 , 20990591.00 , [440604]广东-禅城区 , 1991-05-29 , 男 , -1
	440608101104889 , 20990667.00 , [440608]广东-高明区 , 1910-11-04 , 男 , -1
	440608311011584 , 20990672.00 , [440608]广东-高明区 , 1931-10-11 , 女 , -1
	440608520918329 , 20990677.00 , [440608]广东-高明区 , 1952-09-18 , 男 , -1
	440608730825124 , 20990682.00 , [440608]广东-高明区 , 1973-08-25 , 女 , -1
	440608940731969 , 20990687.00 , [440608]广东-高明区 , 1994-07-31 , 男 , -1
	440700380908225 , 20992865.00 , [440700]广东-江门市 , 1938-09-08 , 男 , -1
	440701220623225 , 20992885.00 , [440701]广东-市辖区 , 1922-06-23 , 男 , -1
	440705671126081 , 20992991.00 , [440705]广东-新会区 , 1967-11-26 , 男 , -1
	440781291123264 , 20994792.00 , [440781]广东-台山市 , 1929-11-23 , 女 , -1
	440781711019204 , 20994802.00 , [440781]广东-台山市 , 1971-10-19 , 女 , -1
	440783390604964 , 20994842.00 , [440783]广东-开平市 , 1939-06-04 , 女 , -1
	440783810501904 , 20994852.00 , [440783]广东-开平市 , 1981-05-01 , 女 , -1
	440800270619536 , 20995244.00 , [440800]广东-湛江市 , 1927-06-19 , 女 , -1
	440800690524516 , 20995254.00 , [440800]广东-湛江市 , 1969-05-24 , 女 , -1
	440801110429696 , 20995264.00 , [440801]广东-市辖区 , 1911-04-29 , 女 , -1
	440811230205025 , 20995505.00 , [440811]广东-麻章区 , 1923-02-05 , 男 , -1
	440811650115225 , 20995515.00 , [440811]广东-麻章区 , 1965-01-15 , 男 , -1
	440825801205904 , 20995852.00 , [440825]广东-徐闻县 , 1980-12-05 , 女 , -1
	440903951230369 , 20997713.00 , [440903]广东-茂港区 , 1995-12-30 , 男 , -1
	440981100202500 , 20999550.00 , [440981]广东-高州市 , 1910-02-02 , 女 , -1
	441201581030401 , 21004799.00 , [441201]广东-市辖区 , 1958-10-30 , 男 , -1
	441202001126481 , 21004809.00 , [441202]广东-端州区 , 1900-11-26 , 男 , -1
	441202421222761 , 21004819.00 , [441202]广东-端州区 , 1942-12-22 , 男 , -1
	441223090206721 , 21005311.00 , [441223]广东-广宁县 , 1909-02-06 , 男 , -1
	441223510313041 , 21005321.00 , [441223]广东-广宁县 , 1951-03-13 , 男 , -1
	441223930419561 , 21005331.00 , [441223]广东-广宁县 , 1993-04-19 , 男 , -1
	441224350526281 , 21005341.00 , [441224]广东-怀集县 , 1935-05-26 , 男 , -1
	441225820901376 , 21005376.00 , [441225]广东-封开县 , 1982-09-01 , 女 , -1
	441226241008996 , 21005386.00 , [441226]广东-德庆县 , 1924-10-08 , 女 , -1
	441226661116816 , 21005396.00 , [441226]广东-德庆县 , 1966-11-16 , 女 , -1
	441300351122500 , 21007150.00 , [441300]广东-惠州市 , 1935-11-22 , 女 , -1
	441303250113961 , 21007219.00 , [441303]广东-惠阳区 , 1925-01-13 , 男 , -1
	441303880330756 , 21007234.00 , [441303]广东-惠阳区 , 1988-03-30 , 女 , -1
	441322450920976 , 21007676.00 , [441322]广东-博罗县 , 1945-09-20 , 女 , -1
	441323291228416 , 21007696.00 , [441323]广东-惠东县 , 1929-12-28 , 女 , -1
	441400140725625 , 21009525.00 , [441400]广东-梅州市 , 1914-07-25 , 男 , -1
	441400350820900 , 21009530.00 , [441400]广东-梅州市 , 1935-08-20 , 女 , -1
	441400560916225 , 21009535.00 , [441400]广东-梅州市 , 1956-09-16 , 男 , -1
	441400771011600 , 21009540.00 , [441400]广东-梅州市 , 1977-10-11 , 女 , -1
	441400981107025 , 21009545.00 , [441400]广东-梅州市 , 1998-11-07 , 男 , -1
	441401191202500 , 21009550.00 , [441401]广东-市辖区 , 1919-12-02 , 女 , -1
	441421570701225 , 21010035.00 , [441421]广东-梅县 , 1957-07-01 , 男 , -1
	441421780801600 , 21010040.00 , [441421]广东-梅县 , 1978-08-01 , 女 , -1
	441421990902025 , 21010045.00 , [441421]广东-梅县 , 1999-09-02 , 男 , -1
	441422201002500 , 21010050.00 , [441422]广东-大埔县 , 1920-10-02 , 女 , -1
	441422411103025 , 21010055.00 , [441422]广东-大埔县 , 1941-11-03 , 男 , -1
	441422621203600 , 21010060.00 , [441422]广东-大埔县 , 1962-12-03 , 女 , -1
	441426361002201 , 21010149.00 , [441426]广东-平远县 , 1936-10-02 , 男 , -1
	441426571103716 , 21010154.00 , [441426]广东-平远县 , 1957-11-03 , 女 , -1
	441426781205281 , 21010159.00 , [441426]广东-平远县 , 1978-12-05 , 男 , -1
	441481031102500 , 21011450.00 , [441481]广东-兴宁市 , 1903-11-02 , 女 , -1
	441481241217025 , 21011455.00 , [441481]广东-兴宁市 , 1924-12-17 , 男 , -1
	441501160301041 , 21011929.00 , [441501]广东-市辖区 , 1916-03-01 , 男 , -1
	441501370420356 , 21011934.00 , [441501]广东-市辖区 , 1937-04-20 , 女 , -1
	441502421017681 , 21011959.00 , [441502]广东-城区 , 1942-10-17 , 男 , -1
	441521710206724 , 21012418.00 , [441521]广东-海丰县 , 1971-02-06 , 女 , -1
	441521920330929 , 21012423.00 , [441521]广东-海丰县 , 1992-03-30 , 男 , -1
	441523391201764 , 21012458.00 , [441523]广东-陆河县 , 1939-12-01 , 女 , -1
	441601140718864 , 21014308.00 , [441601]广东-市辖区 , 1914-07-18 , 女 , -1
	441601561005124 , 21014318.00 , [441601]广东-市辖区 , 1956-10-05 , 女 , -1
	441621230625796 , 21014786.00 , [441621]广东-紫金县 , 1923-06-25 , 女 , -1
	441621650921616 , 21014796.00 , [441621]广东-紫金县 , 1965-09-21 , 女 , -1
	441622071217636 , 21014806.00 , [441622]广东-龙川县 , 1907-12-17 , 女 , -1
	441623500225600 , 21014840.00 , [441623]广东-连平县 , 1950-02-25 , 女 , -1
	441623920522500 , 21014850.00 , [441623]广东-连平县 , 1992-05-22 , 女 , -1
	441624340819600 , 21014860.00 , [441624]广东-和平县 , 1934-08-19 , 女 , -1
	441624761116900 , 21014870.00 , [441624]广东-和平县 , 1976-11-16 , 女 , -1
	441701090422596 , 21016686.00 , [441701]广东-市辖区 , 1909-04-22 , 女 , -1
	441701720923401 , 21016701.00 , [441701]广东-市辖区 , 1972-09-23 , 男 , -1
	441721560911929 , 21017173.00 , [441721]广东-阳西县 , 1956-09-11 , 男 , -1
	441723410425089 , 21017217.00 , [441723]广东-阳东县 , 1941-04-25 , 男 , -1
	441781840220449 , 21018607.00 , [441781]广东-阳春市 , 1984-02-20 , 男 , -1
	441802690924609 , 21019103.00 , [441802]广东-清城区 , 1969-09-24 , 男 , -1
	441802901115664 , 21019108.00 , [441802]广东-清城区 , 1990-11-15 , 女 , -1
	441825770201104 , 21019652.00 , [441825]广东-连山壮族瑶族自治县 , 1977-02-01 , 女 , -1
	441827830129401 , 21019701.00 , [441827]广东-清新县 , 1983-01-29 , 男 , -1
	441882651210025 , 21021005.00 , [441882]广东-连州市 , 1965-12-10 , 男 , -1
	442000671011344 , 21023812.00 , [442000]广东-中山市 , 1967-10-11 , 女 , -1
	445100750902921 , 21097411.00 , [445100]广东-潮州市 , 1975-09-02 , 男 , -1
	445101510410041 , 21097429.00 , [445101]广东-市辖区 , 1951-04-10 , 男 , -1
	445122270522241 , 21097921.00 , [445122]广东-饶平县 , 1927-05-22 , 男 , -1
	445202910428224 , 21099832.00 , [445202]广东-榕城区 , 1991-04-28 , 女 , -1
	445224010510224 , 21100332.00 , [445224]广东-惠来县 , 1901-05-10 , 女 , -1
	445224390316281 , 21100341.00 , [445224]广东-惠来县 , 1939-03-16 , 男 , -1
	445224770122500 , 21100350.00 , [445224]广东-惠来县 , 1977-01-22 , 女 , -1
	445224981126025 , 21100355.00 , [445224]广东-惠来县 , 1998-11-26 , 男 , -1
	445300650213904 , 21102148.00 , [445300]广东-云浮市 , 1965-02-13 , 女 , -1
	445301620913241 , 21102171.00 , [445301]广东-市辖区 , 1962-09-13 , 男 , -1
	445321710406609 , 21102647.00 , [445321]广东-新兴县 , 1971-04-06 , 男 , -1
	445322470102225 , 21102665.00 , [445322]广东-郁南县 , 1947-01-02 , 男 , -1
	445322681128900 , 21102670.00 , [445322]广东-郁南县 , 1968-11-28 , 女 , -1
	445323440825344 , 21102688.00 , [445323]广东-云安县 , 1944-08-25 , 女 , -1
	445381010818704 , 21104052.00 , [445381]广东-罗定市 , 1901-08-18 , 女 , -1
	450000151224849 , 21213207.00 , [450000]广西-广西壮族自治区 , 1915-12-24 , 男 , -1
	450000320930521 , 21213211.00 , [450000]广西-广西壮族自治区 , 1932-09-30 , 男 , -1
	450100410424900 , 21215570.00 , [450100]广西-南宁市 , 1941-04-24 , 女 , -1
	450101471204025 , 21215595.00 , [450101]广西-市辖区 , 1947-12-04 , 男 , -1
	450101640928801 , 21215599.00 , [450101]广西-市辖区 , 1964-09-28 , 男 , -1
	450102150103321 , 21215611.00 , [450102]广西-兴宁区 , 1915-01-03 , 男 , -1
	450103380609600 , 21215640.00 , [450103]广西-青秀区 , 1938-06-09 , 女 , -1
	450108260220025 , 21215755.00 , [450108]广西-良庆区 , 1926-02-20 , 男 , -1
	450109321008400 , 21215780.00 , [450109]广西-邕宁区 , 1932-10-08 , 女 , -1
	450123450828769 , 21216113.00 , [450123]广西-隆安县 , 1945-08-28 , 男 , -1
	450125020822500 , 21216150.00 , [450125]广西-上林县 , 1902-08-22 , 女 , -1
	450126590818969 , 21216187.00 , [450126]广西-宾阳县 , 1959-08-18 , 男 , -1
	450202250920900 , 21217970.00 , [450202]广西-城中区 , 1925-09-20 , 女 , -1
	450202590408484 , 21217978.00 , [450202]广西-城中区 , 1959-04-08 , 女 , -1
	450205560930304 , 21218048.00 , [450205]广西-柳北区 , 1956-09-30 , 女 , -1
	450205900419136 , 21218056.00 , [450205]广西-柳北区 , 1990-04-19 , 女 , -1
	450222280907364 , 21218442.00 , [450222]广西-柳城县 , 1928-09-07 , 女 , -1
	450222620402500 , 21218450.00 , [450222]广西-柳城县 , 1962-04-02 , 女 , -1
	450224020821289 , 21218483.00 , [450224]广西-融安县 , 1902-08-21 , 男 , -1
	450224360317081 , 21218491.00 , [450224]广西-融安县 , 1936-03-17 , 男 , -1
	450300750124681 , 21220291.00 , [450300]广西-桂林市 , 1975-01-24 , 男 , -1
	450301980902400 , 21220320.00 , [450301]广西-市辖区 , 1998-09-02 , 女 , -1
	450302320427584 , 21220328.00 , [450302]广西-秀峰区 , 1932-04-27 , 女 , -1
	450303551207449 , 21220357.00 , [450303]广西-叠彩区 , 1955-12-07 , 男 , -1
	450305630804836 , 21220406.00 , [450305]广西-七星区 , 1963-08-04 , 女 , -1
	450305970331396 , 21220414.00 , [450305]广西-七星区 , 1997-03-31 , 女 , -1
	450311020804089 , 21220533.00 , [450311]广西-雁山区 , 1902-08-04 , 男 , -1
	450323541005584 , 21220828.00 , [450323]广西-灵川县 , 1954-10-05 , 女 , -1
	450324050305600 , 21220840.00 , [450324]广西-全州县 , 1905-03-05 , 女 , -1
	450325281115161 , 21220869.00 , [450325]广西-兴安县 , 1928-11-15 , 男 , -1
	450325790416161 , 21220881.00 , [450325]广西-兴安县 , 1979-04-16 , 男 , -1
	450327021228100 , 21220910.00 , [450327]广西-灌阳县 , 1902-12-28 , 女 , -1
	450327530530084 , 21220922.00 , [450327]广西-灌阳县 , 1953-05-30 , 女 , -1
	450328931112025 , 21220955.00 , [450328]广西-龙胜各族自治县 , 1993-11-12 , 男 , -1
	450329440415089 , 21220967.00 , [450329]广西-资源县 , 1944-04-15 , 男 , -1
	450331350304144 , 21221012.00 , [450331]广西-荔蒲县 , 1935-03-04 , 女 , -1
	450332581123681 , 21221041.00 , [450332]广西-恭城瑶族自治县 , 1958-11-23 , 男 , -1
	450400491014881 , 21222641.00 , [450400]广西-梧州市 , 1949-10-14 , 男 , -1
	450404990226009 , 21222747.00 , [450404]广西-蝶山区 , 1999-02-26 , 男 , -1
	450422011029904 , 21223148.00 , [450422]广西-藤县 , 1901-10-29 , 女 , -1
	450422180815104 , 21223152.00 , [450422]广西-藤县 , 1918-08-15 , 女 , -1
	450423921115249 , 21223193.00 , [450423]广西-蒙山县 , 1992-11-15 , 男 , -1
	450503851205776 , 21225076.00 , [450503]广西-银海区 , 1985-12-05 , 女 , -1
	450521001230400 , 21225480.00 , [450521]广西-合浦县 , 1900-12-30 , 女 , -1
	450600770114881 , 21227359.00 , [450600]广西-防城港市 , 1977-01-14 , 男 , -1
	450602171121664 , 21227392.00 , [450602]广西-港口区 , 1917-11-21 , 女 , -1
	450603020217744 , 21227412.00 , [450603]广西-防城区 , 1902-02-17 , 女 , -1
	450621530711104 , 21227848.00 , [450621]广西-上思县 , 1953-07-11 , 女 , -1
	450681310313536 , 21229256.00 , [450681]广西-东兴市 , 1931-03-13 , 女 , -1
	450701181116176 , 21229724.00 , [450701]广西-市辖区 , 1918-11-16 , 女 , -1
	450701690629696 , 21229736.00 , [450701]广西-市辖区 , 1969-06-29 , 女 , -1
	450702030305536 , 21229744.00 , [450702]广西-钦南区 , 1903-03-05 , 女 , -1
	450722920615696 , 21230236.00 , [450722]广西-浦北县 , 1992-06-15 , 女 , -1
	450801221126400 , 21232080.00 , [450801]广西-市辖区 , 1922-11-26 , 女 , -1
	450802410123664 , 21232108.00 , [450802]广西-港北区 , 1941-01-23 , 女 , -1
	450804321015409 , 21232153.00 , [450804]广西-覃塘区 , 1932-10-15 , 男 , -1
	450804660729921 , 21232161.00 , [450804]广西-覃塘区 , 1966-07-29 , 男 , -1
	450900210516921 , 21234411.00 , [450900]广西-玉林市 , 1921-05-16 , 男 , -1
	450902801118784 , 21234472.00 , [450902]广西-玉州区 , 1980-11-18 , 女 , -1
	450921530117569 , 21234913.00 , [450921]广西-容县 , 1953-01-17 , 男 , -1
	450923781021156 , 21234966.00 , [450923]广西-博白县 , 1978-10-21 , 女 , -1
	450924630420196 , 21234986.00 , [450924]广西-兴业县 , 1963-04-20 , 女 , -1
	451002821027929 , 21236827.00 , [451002]广西-右江区 , 1982-10-27 , 男 , -1
	451002990922561 , 21236831.00 , [451002]广西-右江区 , 1999-09-22 , 男 , -1
	451027880831889 , 21237417.00 , [451027]广西-凌云县 , 1988-08-31 , 男 , -1
	451028050731241 , 21237421.00 , [451028]广西-乐业县 , 1905-07-31 , 男 , -1
	451028220630625 , 21237425.00 , [451028]广西-乐业县 , 1922-06-30 , 男 , -1
	451028390530041 , 21237429.00 , [451028]广西-乐业县 , 1939-05-30 , 男 , -1
	451028560429489 , 21237433.00 , [451028]广西-乐业县 , 1956-04-29 , 男 , -1
	451028730328969 , 21237437.00 , [451028]广西-乐业县 , 1973-03-28 , 男 , -1
	451028900228481 , 21237441.00 , [451028]广西-乐业县 , 1990-02-28 , 男 , -1
	451029070128025 , 21237445.00 , [451029]广西-田林县 , 1907-01-28 , 男 , -1
	451100940504769 , 21239137.00 , [451100]广西-贺州市 , 1994-05-04 , 男 , -1
	451101110417881 , 21239141.00 , [451101]广西-市辖区 , 1911-04-17 , 男 , -1
	451101280331025 , 21239145.00 , [451101]广西-市辖区 , 1928-03-31 , 男 , -1
	451121330306689 , 21239617.00 , [451121]广西-昭平县 , 1933-03-06 , 男 , -1
	451121500223641 , 21239621.00 , [451121]广西-昭平县 , 1950-02-23 , 男 , -1
	451200430107441 , 21241479.00 , [451200]广西-河池市 , 1943-01-07 , 男 , -1
	451223881004961 , 21242031.00 , [451223]广西-凤山县 , 1988-10-04 , 男 , -1
	451224390813849 , 21242043.00 , [451224]广西-东兰县 , 1939-08-13 , 男 , -1
	451224900623025 , 21242055.00 , [451224]广西-东兰县 , 1990-06-23 , 男 , -1
	451225750305625 , 21242075.00 , [451225]广西-罗城仫佬族自治县 , 1975-03-05 , 男 , -1
	451226260115569 , 21242087.00 , [451226]广西-环江毛南族自治县 , 1926-01-15 , 男 , -1
	451281491231769 , 21243387.00 , [451281]广西-宜州市 , 1949-12-31 , 男 , -1
	451281831126025 , 21243395.00 , [451281]广西-宜州市 , 1983-11-26 , 男 , -1
	451300100630625 , 21243825.00 , [451300]广西-来宾市 , 1910-06-30 , 男 , -1
	451300440531889 , 21243833.00 , [451300]广西-来宾市 , 1944-05-31 , 男 , -1
	451381170707289 , 21245733.00 , [451381]广西-合山市 , 1917-07-07 , 男 , -1
	451381680605025 , 21245745.00 , [451381]广西-合山市 , 1968-06-05 , 男 , -1
	451421411022400 , 21246680.00 , [451421]广西-扶绥县 , 1941-10-22 , 女 , -1
	451422090916416 , 21246696.00 , [451422]广西-宁明县 , 1909-09-16 , 女 , -1
	451422770810944 , 21246712.00 , [451422]广西-宁明县 , 1977-08-10 , 女 , -1
	451423450705984 , 21246728.00 , [451423]广西-龙州县 , 1945-07-05 , 女 , -1
	451423960627600 , 21246740.00 , [451423]广西-龙州县 , 1996-06-27 , 女 , -1
	451424130601536 , 21246744.00 , [451424]广西-大新县 , 1913-06-01 , 女 , -1
	451424640523536 , 21246756.00 , [451424]广西-大新县 , 1964-05-23 , 女 , -1
	451425320419984 , 21246772.00 , [451425]广西-天等县 , 1932-04-19 , 女 , -1
	451481541129025 , 21248095.00 , [451481]广西-凭祥市 , 1954-11-29 , 男 , -1
	451481711113801 , 21248099.00 , [451481]广西-凭祥市 , 1971-11-13 , 男 , -1
	460000060502544 , 21447612.00 , [460000]海南-海南省 , 1906-05-02 , 女 , -1
	460100140503025 , 21449945.00 , [460100]海南-海口市 , 1914-05-03 , 男 , -1
	460100440802304 , 21449952.00 , [460100]海南-海口市 , 1944-08-02 , 女 , -1
	460100741101681 , 21449959.00 , [460100]海南-海口市 , 1974-11-01 , 男 , -1
	460105031103481 , 21450059.00 , [460105]海南-秀英区 , 1903-11-03 , 男 , -1
	460105460104761 , 21450069.00 , [460105]海南-秀英区 , 1946-01-04 , 男 , -1
	460105760405776 , 21450076.00 , [460105]海南-秀英区 , 1976-04-05 , 女 , -1
	460106060706889 , 21450083.00 , [460106]海南-龙华区 , 1906-07-06 , 男 , -1
	460106361008100 , 21450090.00 , [460106]海南-龙华区 , 1936-10-08 , 女 , -1
	460107090311449 , 21450107.00 , [460107]海南-琼山区 , 1909-03-11 , 男 , -1
	460107390612996 , 21450114.00 , [460107]海南-琼山区 , 1939-06-12 , 女 , -1
	460107690914641 , 21450121.00 , [460107]海南-琼山区 , 1969-09-14 , 男 , -1
	460107991216384 , 21450128.00 , [460107]海南-琼山区 , 1999-12-16 , 女 , -1
	460108420219044 , 21450138.00 , [460108]海南-美兰区 , 1942-02-19 , 女 , -1
	460108720521025 , 21450145.00 , [460108]海南-美兰区 , 1972-05-21 , 男 , -1
	460200360102961 , 21452281.00 , [460200]海南-三亚市 , 1936-01-02 , 男 , -1
	469000180713744 , 21656412.00 , [469000]海南-省直辖县级行政单位 , 1918-07-13 , 女 , -1
	469000570529241 , 21656421.00 , [469000]海南-省直辖县级行政单位 , 1957-05-29 , 男 , -1
	469000830406329 , 21656427.00 , [469000]海南-省直辖县级行政单位 , 1983-04-06 , 男 , -1
	469001220222096 , 21656436.00 , [469001]海南-五指山市 , 1922-02-22 , 女 , -1
	469006201215601 , 21656551.00 , [469006]海南-万宁市 , 1920-12-15 , 男 , -1
	469006850912356 , 21656566.00 , [469006]海南-万宁市 , 1985-09-12 , 女 , -1
	469007240730625 , 21656575.00 , [469007]海南-东方市 , 1924-07-30 , 男 , -1
	469007500609561 , 21656581.00 , [469007]海南-东方市 , 1950-06-09 , 男 , -1
	469007890428100 , 21656590.00 , [469007]海南-东方市 , 1989-04-28 , 女 , -1
	469021360923801 , 21656901.00 , [469021]海南-定安县 , 1936-09-23 , 男 , -1
	469021620806649 , 21656907.00 , [469021]海南-定安县 , 1962-08-06 , 男 , -1
	469022270514084 , 21656922.00 , [469022]海南-屯昌县 , 1927-05-14 , 女 , -1
	469022920221969 , 21656937.00 , [469022]海南-屯昌县 , 1992-02-21 , 男 , -1
	469023180105249 , 21656943.00 , [469023]海南-澄迈县 , 1918-01-05 , 男 , -1
	469028161215364 , 21657058.00 , [469028]海南-陵水黎族自治县 , 1916-12-15 , 女 , -1
	469028810927329 , 21657073.00 , [469028]海南-陵水黎族自治县 , 1981-09-27 , 男 , -1
	469029070812241 , 21657079.00 , [469029]海南-保亭黎族苗族自治县 , 1907-08-12 , 男 , -1
	469029720524836 , 21657094.00 , [469029]海南-保亭黎族苗族自治县 , 1972-05-24 , 女 , -1
	469030630123225 , 21657115.00 , [469030]海南-琼中黎族苗族自治县 , 1963-01-23 , 男 , -1
	500000770325809 , 22360697.00 , [500000]重庆-重庆市 , 1977-03-25 , 男 , -1
	500100190926400 , 22362920.00 , [500100]重庆-市辖区 , 1919-09-26 , 女 , -1
	500101040717721 , 22362939.00 , [500101]重庆-万州区 , 1904-07-17 , 男 , -1
	500101890509764 , 22362958.00 , [500101]重庆-万州区 , 1989-05-09 , 女 , -1
	500102740302529 , 22362977.00 , [500102]重庆-涪陵区 , 1974-03-02 , 男 , -1
	500105871124209 , 22363047.00 , [500105]重庆-江北区 , 1987-11-24 , 男 , -1
	500106720920356 , 22363066.00 , [500106]重庆-沙坪坝区 , 1972-09-20 , 女 , -1
	500107570717225 , 22363085.00 , [500107]重庆-九龙坡区 , 1957-07-17 , 男 , -1
	500108420514816 , 22363104.00 , [500108]重庆-南岸区 , 1942-05-14 , 女 , -1
	500109270313129 , 22363123.00 , [500109]重庆-北碚区 , 1927-03-13 , 男 , -1
	500109941207044 , 22363138.00 , [500109]重庆-北碚区 , 1994-12-07 , 女 , -1
	500110120112164 , 22363142.00 , [500110]重庆-万盛区 , 1912-01-12 , 女 , -1
	500110791006649 , 22363157.00 , [500110]重庆-万盛区 , 1979-10-06 , 男 , -1
	500111640806976 , 22363176.00 , [500111]重庆-双桥区 , 1964-08-06 , 女 , -1
	500112490608025 , 22363195.00 , [500112]重庆-渝北区 , 1949-06-08 , 男 , -1
	500113340409796 , 22363214.00 , [500113]重庆-巴南区 , 1934-04-09 , 女 , -1
	500114190212289 , 22363233.00 , [500114]重庆-黔江区 , 1919-02-12 , 男 , -1
	500114861109504 , 22363248.00 , [500114]重庆-黔江区 , 1986-11-09 , 女 , -1
	500115710913289 , 22363267.00 , [500115]重庆-长寿区 , 1971-09-13 , 男 , -1
	500116560717796 , 22363286.00 , [500116]重庆-江津区 , 1956-07-17 , 女 , -1
	500117410523025 , 22363305.00 , [500117]重庆-合川区 , 1941-05-23 , 男 , -1
	500118260328976 , 22363324.00 , [500118]重庆-永川区 , 1926-03-28 , 女 , -1
	500118931228921 , 22363339.00 , [500118]重庆-永川区 , 1993-12-28 , 男 , -1
	500200650207556 , 22365166.00 , [500200]重庆-县 , 1965-02-07 , 女 , -1
	500224581221401 , 22365701.00 , [500224]重庆-铜梁县 , 1958-12-21 , 男 , -1
	500225431118400 , 22365720.00 , [500225]重庆-大足县 , 1943-11-18 , 女 , -1
	500226281016121 , 22365739.00 , [500226]重庆-荣昌县 , 1928-10-16 , 男 , -1
	500227130914564 , 22365758.00 , [500227]重庆-璧山县 , 1913-09-14 , 女 , -1
	500227980813729 , 22365777.00 , [500227]重庆-璧山县 , 1998-08-13 , 男 , -1
	500228830713616 , 22365796.00 , [500228]重庆-梁平县 , 1983-07-13 , 女 , -1
	500229680614225 , 22365815.00 , [500229]重庆-城口县 , 1968-06-14 , 男 , -1
	500230530515556 , 22365834.00 , [500230]重庆-丰都县 , 1953-05-15 , 女 , -1
	500231380417609 , 22365853.00 , [500231]重庆-垫江县 , 1938-04-17 , 男 , -1
	500232230320384 , 22365872.00 , [500232]重庆-武隆县 , 1923-03-20 , 女 , -1
	500233080223881 , 22365891.00 , [500233]重庆-忠县 , 1908-02-23 , 男 , -1
	500233930128100 , 22365910.00 , [500233]重庆-忠县 , 1993-01-28 , 女 , -1
	500234601105625 , 22365925.00 , [500234]重庆-开县 , 1960-11-05 , 男 , -1
	500235451011136 , 22365944.00 , [500235]重庆-云阳县 , 1945-10-11 , 女 , -1
	500236300917369 , 22365963.00 , [500236]重庆-奉节县 , 1930-09-17 , 男 , -1
	500237150824324 , 22365982.00 , [500237]重庆-巫山县 , 1915-08-24 , 女 , -1
	500238940104484 , 22366022.00 , [500238]重庆-巫溪县 , 1994-01-04 , 女 , -1
	500241310905625 , 22366075.00 , [500241]重庆-秀山土家族苗族自治县 , 1931-09-05 , 男 , -1
	500242160816836 , 22366094.00 , [500242]重庆-酉阳土家族苗族自治县 , 1916-08-16 , 女 , -1
	500243010728769 , 22366113.00 , [500243]重庆-彭水苗族土家族自治县 , 1901-07-28 , 男 , -1
	500243950105956 , 22366134.00 , [500243]重庆-彭水苗族土家族自治县 , 1995-01-05 , 女 , -1
	510000560908864 , 22583192.00 , [510000]四川-四川省 , 1956-09-08 , 女 , -1
	510100970722225 , 22585415.00 , [510100]四川-成都市 , 1997-07-22 , 男 , -1
	510106120209841 , 22585529.00 , [510106]四川-金牛区 , 1912-02-09 , 男 , -1
	510107520513600 , 22585560.00 , [510107]四川-武侯区 , 1952-05-13 , 女 , -1
	510108920819281 , 22585591.00 , [510108]四川-成华区 , 1992-08-19 , 男 , -1
	510112850719684 , 22585678.00 , [510112]四川-龙泉驿区 , 1985-07-19 , 女 , -1
	510115380318756 , 22585734.00 , [510115]四川-温江区 , 1938-03-18 , 女 , -1
	510115561004644 , 22585738.00 , [510115]四川-温江区 , 1956-10-04 , 女 , -1
	510121930202641 , 22585879.00 , [510121]四川-金堂县 , 1993-02-02 , 男 , -1
	510124640511721 , 22585939.00 , [510124]四川-郫县 , 1964-05-11 , 男 , -1
	510129790118809 , 22586053.00 , [510129]四川-大邑县 , 1979-01-18 , 男 , -1
	510129970807249 , 22586057.00 , [510129]四川-大邑县 , 1997-08-07 , 男 , -1
	510131100110724 , 22586082.00 , [510131]四川-蒲江县 , 1910-01-10 , 女 , -1
	510132410104321 , 22586111.00 , [510132]四川-新津县 , 1941-01-04 , 男 , -1
	510182010409681 , 22587209.00 , [510182]四川-彭州市 , 1901-04-09 , 男 , -1
	510182191107369 , 22587213.00 , [510182]四川-彭州市 , 1919-11-07 , 男 , -1
	510183230119696 , 22587236.00 , [510183]四川-邛崃市 , 1923-01-19 , 女 , -1
	510183410817600 , 22587240.00 , [510183]四川-邛崃市 , 1941-08-17 , 女 , -1
	510184630529289 , 22587267.00 , [510184]四川-崇州市 , 1963-05-29 , 男 , -1
	510184811227441 , 22587271.00 , [510184]四川-崇州市 , 1981-12-27 , 男 , -1
	510300690506896 , 22589836.00 , [510300]四川-自贡市 , 1969-05-06 , 女 , -1
	510300871225600 , 22589840.00 , [510300]四川-自贡市 , 1987-12-25 , 女 , -1
	510302000718225 , 22589865.00 , [510302]四川-自流井区 , 1900-07-18 , 男 , -1
	510303130212100 , 22589890.00 , [510303]四川-贡井区 , 1913-02-12 , 女 , -1
	510304440426561 , 22589919.00 , [510304]四川-大安区 , 1944-04-26 , 男 , -1
	510311940307225 , 22590085.00 , [510311]四川-沿滩区 , 1994-03-07 , 男 , -1
	510322060715481 , 22590309.00 , [510322]四川-富顺县 , 1906-07-15 , 男 , -1
	510400090625296 , 22592036.00 , [510400]四川-攀枝花市 , 1909-06-25 , 女 , -1
	510401220227721 , 22592061.00 , [510401]四川-市辖区 , 1922-02-27 , 男 , -1
	510403840910161 , 22592119.00 , [510403]四川-西区 , 1984-09-10 , 男 , -1
	510411070413841 , 22592279.00 , [510411]四川-仁和区 , 1907-04-13 , 男 , -1
	510422050320484 , 22592522.00 , [510422]四川-盐边县 , 1905-03-20 , 女 , -1
	510500720513169 , 22594263.00 , [510500]四川-泸州市 , 1972-05-13 , 男 , -1
	510501850226944 , 22594288.00 , [510501]四川-市辖区 , 1985-02-26 , 女 , -1
	510501940604100 , 22594290.00 , [510501]四川-市辖区 , 1994-06-04 , 女 , -1
	510503070319225 , 22594315.00 , [510503]四川-纳溪区 , 1907-03-19 , 男 , -1
	510504290412964 , 22594342.00 , [510504]四川-龙马潭区 , 1929-04-12 , 女 , -1
	510521191120656 , 22594716.00 , [510521]四川-泸县 , 1919-11-20 , 女 , -1
	510524670712849 , 22594793.00 , [510524]四川-叙永县 , 1967-07-12 , 男 , -1
	510525981211684 , 22594822.00 , [510525]四川-古蔺县 , 1998-12-11 , 女 , -1
	510600140110369 , 22596463.00 , [510600]四川-德阳市 , 1914-01-10 , 男 , -1
	510601360320100 , 22596490.00 , [510601]四川-市辖区 , 1936-03-20 , 女 , -1
	510601450706064 , 22596492.00 , [510601]四川-市辖区 , 1945-07-06 , 女 , -1
	510603891130116 , 22596546.00 , [510603]四川-旌阳区 , 1989-11-30 , 女 , -1
	510623550314361 , 22596981.00 , [510623]四川-中江县 , 1955-03-14 , 男 , -1
	510623640702289 , 22596983.00 , [510623]四川-中江县 , 1964-07-02 , 男 , -1
	510681400224121 , 22598261.00 , [510681]四川-广汉市 , 1940-02-24 , 男 , -1
	510681490617169 , 22598263.00 , [510681]四川-广汉市 , 1949-06-17 , 男 , -1
	510681581010225 , 22598265.00 , [510681]四川-广汉市 , 1958-10-10 , 男 , -1
	510682620530944 , 22598288.00 , [510682]四川-什邡市 , 1962-05-30 , 女 , -1
	510682710924100 , 22598290.00 , [510682]四川-什邡市 , 1971-09-24 , 女 , -1
	510700880110864 , 22598692.00 , [510700]四川-绵阳市 , 1988-01-10 , 女 , -1
	510700970505636 , 22598694.00 , [510700]四川-绵阳市 , 1997-05-05 , 女 , -1
	510704360315361 , 22598769.00 , [510704]四川-游仙区 , 1936-03-15 , 男 , -1
	510704450710441 , 22598771.00 , [510704]四川-游仙区 , 1945-07-10 , 男 , -1
	510704541105529 , 22598773.00 , [510704]四川-游仙区 , 1954-11-05 , 男 , -1
	510724880203729 , 22599223.00 , [510724]四川-安县 , 1988-02-03 , 男 , -1
	510727140128529 , 22599273.00 , [510727]四川-平武县 , 1914-01-28 , 男 , -1
	510727230525625 , 22599275.00 , [510727]四川-平武县 , 1923-05-25 , 男 , -1
	510727320922729 , 22599277.00 , [510727]四川-平武县 , 1932-09-22 , 男 , -1
	510781470225625 , 22600475.00 , [510781]四川-江油市 , 1947-02-25 , 男 , -1
	510781560627529 , 22600477.00 , [510781]四川-江油市 , 1956-06-27 , 男 , -1
	510781651029441 , 22600479.00 , [510781]四川-江油市 , 1965-10-29 , 男 , -1
	510800590406404 , 22600898.00 , [510800]四川-广元市 , 1959-04-06 , 女 , -1
	510800771213604 , 22600902.00 , [510800]四川-广元市 , 1977-12-13 , 女 , -1
	510802940902500 , 22600950.00 , [510802]四川-市中区 , 1994-09-02 , 女 , -1
	510811710108736 , 22601144.00 , [510811]四川-元坝区 , 1971-01-08 , 女 , -1
	510811800513316 , 22601146.00 , [510811]四川-元坝区 , 1980-05-13 , 女 , -1
	510811890917904 , 22601148.00 , [510811]四川-元坝区 , 1989-09-17 , 女 , -1
	510824050407889 , 22601417.00 , [510824]四川-苍溪县 , 1905-04-07 , 男 , -1
	510824140813561 , 22601419.00 , [510824]四川-苍溪县 , 1914-08-13 , 男 , -1
	510824231219241 , 22601421.00 , [510824]四川-苍溪县 , 1923-12-19 , 男 , -1
	510901531003161 , 22603131.00 , [510901]四川-市辖区 , 1953-10-03 , 男 , -1
	510903700906041 , 22603179.00 , [510903]四川-船山区 , 1970-09-06 , 男 , -1
	510921150709225 , 22603565.00 , [510921]四川-蓬溪县 , 1915-07-09 , 男 , -1
	510921241123489 , 22603567.00 , [510921]四川-蓬溪县 , 1924-11-23 , 男 , -1
	511000130617344 , 22605312.00 , [511000]四川-内江市 , 1913-06-17 , 女 , -1
	511002210308164 , 22605358.00 , [511002]四川-市中区 , 1921-03-08 , 女 , -1
	511002300729600 , 22605360.00 , [511002]四川-市中区 , 1930-07-29 , 女 , -1
	511024770704449 , 22605857.00 , [511024]四川-威远县 , 1977-07-04 , 男 , -1
	511024861127881 , 22605859.00 , [511024]四川-威远县 , 1986-11-27 , 男 , -1
	511101090927025 , 22607545.00 , [511101]四川-市辖区 , 1909-09-27 , 男 , -1
	511112530408804 , 22607798.00 , [511112]四川-五通桥区 , 1953-04-08 , 女 , -1
	511113751230625 , 22607825.00 , [511113]四川-金口河区 , 1975-12-30 , 男 , -1
	511123110913024 , 22608032.00 , [511123]四川-犍为县 , 1911-09-13 , 女 , -1
	511126230826201 , 22608101.00 , [511126]四川-夹江县 , 1923-08-26 , 男 , -1
	511129260316224 , 22608168.00 , [511129]四川-沐川县 , 1926-03-16 , 女 , -1
	511132561114081 , 22608241.00 , [511132]四川-峨边彝族自治县 , 1956-11-14 , 男 , -1
	511133420227600 , 22608260.00 , [511133]四川-马边彝族自治县 , 1942-02-27 , 女 , -1
	511181260425124 , 22609318.00 , [511181]四川-峨眉山市 , 1926-04-25 , 女 , -1
	511300870713369 , 22611963.00 , [511300]四川-南充市 , 1987-07-13 , 男 , -1
	511301820416256 , 22611984.00 , [511301]四川-市辖区 , 1982-04-16 , 女 , -1
	511302770120025 , 22612005.00 , [511302]四川-顺庆区 , 1977-01-20 , 男 , -1
	511302951016081 , 22612009.00 , [511302]四川-顺庆区 , 1995-10-16 , 男 , -1
	511303900720900 , 22612030.00 , [511303]四川-高坪区 , 1990-07-20 , 女 , -1
	511304850426601 , 22612051.00 , [511304]四川-嘉陵区 , 1985-04-26 , 男 , -1
	511321990504900 , 22612430.00 , [511321]四川-南部县 , 1999-05-04 , 女 , -1
	511322940227401 , 22612451.00 , [511322]四川-营山县 , 1994-02-27 , 男 , -1
	511323121127025 , 22612455.00 , [511323]四川-蓬安县 , 1912-11-27 , 男 , -1
	511324930125025 , 22612495.00 , [511324]四川-仪陇县 , 1993-01-25 , 男 , -1
	511325111025001 , 22612499.00 , [511325]四川-西充县 , 1911-10-25 , 男 , -1
	511381101105169 , 22613737.00 , [511381]四川-阆中市 , 1910-11-05 , 男 , -1
	511381960427536 , 22613756.00 , [511381]四川-阆中市 , 1996-04-27 , 女 , -1
	511400910930625 , 22614175.00 , [511400]四川-眉山市 , 1991-09-30 , 男 , -1
	511401860726416 , 22614196.00 , [511401]四川-市辖区 , 1986-07-26 , 女 , -1
	511402810523089 , 22614217.00 , [511402]四川-东坡区 , 1981-05-23 , 男 , -1
	511422530310409 , 22614653.00 , [511422]四川-彭山县 , 1953-03-10 , 男 , -1
	511422711227649 , 22614657.00 , [511422]四川-彭山县 , 1971-12-27 , 男 , -1
	511423480126276 , 22614674.00 , [511423]四川-洪雅县 , 1948-01-26 , 女 , -1
	511424520401809 , 22614697.00 , [511424]四川-丹棱县 , 1952-04-01 , 男 , -1
	511425470219524 , 22614718.00 , [511425]四川-青神县 , 1947-02-19 , 女 , -1
	511501910822464 , 22616408.00 , [511501]四川-市辖区 , 1991-08-22 , 女 , -1
	511502860712041 , 22616429.00 , [511502]四川-翠屏区 , 1986-07-12 , 男 , -1
	511521361118244 , 22616838.00 , [511521]四川-宜宾县 , 1936-11-18 , 女 , -1
	511522311025881 , 22616859.00 , [511522]四川-南溪县 , 1931-10-25 , 男 , -1
	511525251221776 , 22616924.00 , [511525]四川-高县 , 1925-12-21 , 女 , -1
	511526970109444 , 22616962.00 , [511526]四川-珙县 , 1997-01-09 , 女 , -1
	511528960404036 , 22617006.00 , [511528]四川-兴文县 , 1996-04-04 , 女 , -1
	511529910318729 , 22617027.00 , [511529]四川-屏山县 , 1991-03-18 , 男 , -1
	511600161216400 , 22618580.00 , [511600]四川-广安市 , 1916-12-16 , 女 , -1
	511601020722801 , 22618599.00 , [511601]四川-市辖区 , 1902-07-22 , 男 , -1
	511601880229924 , 22618618.00 , [511601]四川-市辖区 , 1988-02-29 , 女 , -1
	511601970704400 , 22618620.00 , [511601]四川-市辖区 , 1997-07-04 , 女 , -1
	511602830212321 , 22618639.00 , [511602]四川-广安区 , 1983-02-12 , 男 , -1
	511621920521721 , 22619061.00 , [511621]四川-岳池县 , 1992-05-21 , 男 , -1
	511622870522724 , 22619082.00 , [511622]四川-武胜县 , 1987-05-22 , 女 , -1
	511623820524609 , 22619103.00 , [511623]四川-邻水县 , 1982-05-24 , 男 , -1
	511623911001025 , 22619105.00 , [511623]四川-邻水县 , 1991-10-01 , 男 , -1
	511700140224100 , 22620790.00 , [511700]四川-达州市 , 1914-02-24 , 女 , -1
	511700230707264 , 22620792.00 , [511700]四川-达州市 , 1923-07-07 , 女 , -1
	511781080611241 , 22622579.00 , [511781]四川-万源市 , 1908-06-11 , 男 , -1
	511781171101561 , 22622581.00 , [511781]四川-万源市 , 1917-11-01 , 男 , -1
	511802210318116 , 22623046.00 , [511802]四川-雨城区 , 1921-03-18 , 女 , -1
	511802300810304 , 22623048.00 , [511802]四川-雨城区 , 1930-08-10 , 女 , -1
	511826191027776 , 22623576.00 , [511826]四川-芦山县 , 1919-10-27 , 女 , -1
	511826960229649 , 22623593.00 , [511826]四川-芦山县 , 1996-02-29 , 男 , -1
	511827050724025 , 22623595.00 , [511827]四川-宝兴县 , 1905-07-24 , 男 , -1
	511827141218409 , 22623597.00 , [511827]四川-宝兴县 , 1914-12-18 , 男 , -1
	511827910420996 , 22623614.00 , [511827]四川-宝兴县 , 1991-04-20 , 女 , -1
	511901530308081 , 22625241.00 , [511901]四川-市辖区 , 1953-03-08 , 男 , -1
	511901620809049 , 22625243.00 , [511901]四川-市辖区 , 1962-08-09 , 男 , -1
	511921350211041 , 22625679.00 , [511921]四川-通江县 , 1935-02-11 , 男 , -1
	511921440713761 , 22625681.00 , [511921]四川-通江县 , 1944-07-13 , 男 , -1
	511921531216489 , 22625683.00 , [511921]四川-通江县 , 1953-12-16 , 男 , -1
	512000090601561 , 22627419.00 , [512000]四川-资阳市 , 1909-06-01 , 男 , -1
	512000181111241 , 22627421.00 , [512000]四川-资阳市 , 1918-11-11 , 男 , -1
	512002670130576 , 22627476.00 , [512002]四川-雁江区 , 1967-01-30 , 女 , -1
	512021451107881 , 22627891.00 , [512021]四川-安岳县 , 1945-11-07 , 男 , -1
	513222111212836 , 22654406.00 , [513222]四川-理县 , 1911-12-12 , 女 , -1
	513222700227561 , 22654419.00 , [513222]四川-理县 , 1970-02-27 , 男 , -1
	513224150111401 , 22654451.00 , [513224]四川-松潘县 , 1915-01-11 , 男 , -1
	513224240729209 , 22654453.00 , [513224]四川-松潘县 , 1924-07-29 , 男 , -1
	513225690615225 , 22654485.00 , [513225]四川-九寨沟县 , 1969-06-15 , 男 , -1
	513227140503289 , 22654517.00 , [513227]四川-小金县 , 1914-05-03 , 男 , -1
	513227231121361 , 22654519.00 , [513227]四川-小金县 , 1923-11-21 , 男 , -1
	513228681011601 , 22654551.00 , [513228]四川-黑水县 , 1968-10-11 , 男 , -1
	513230130903889 , 22654583.00 , [513230]四川-壤塘县 , 1913-09-03 , 男 , -1
	513300770324164 , 22656142.00 , [513300]四川-甘孜藏族自治州 , 1977-03-24 , 女 , -1
	513321070428100 , 22656590.00 , [513321]四川-康定县 , 1907-04-28 , 女 , -1
	513321750126025 , 22656605.00 , [513321]四川-康定县 , 1975-01-26 , 男 , -1
	513324061102336 , 22656656.00 , [513324]四川-九龙县 , 1906-11-02 , 女 , -1
	513324740802241 , 22656671.00 , [513324]四川-九龙县 , 1974-08-02 , 男 , -1
	513325420502596 , 22656686.00 , [513325]四川-雅江县 , 1942-05-02 , 女 , -1
	513325511129344 , 22656688.00 , [513325]四川-雅江县 , 1951-11-29 , 女 , -1
	513326100203401 , 22656701.00 , [513326]四川-道孚县 , 1910-02-03 , 男 , -1
	513326190830209 , 22656703.00 , [513326]四川-道孚县 , 1919-08-30 , 男 , -1
	513326870531524 , 22656718.00 , [513326]四川-道孚县 , 1987-05-31 , 女 , -1
	513329861222656 , 22656784.00 , [513329]四川-新龙县 , 1986-12-22 , 女 , -1
	513330540926401 , 22656799.00 , [513330]四川-德格县 , 1954-09-26 , 男 , -1
	513331220630596 , 22656814.00 , [513331]四川-白玉县 , 1922-06-30 , 女 , -1
	513334120706884 , 22656878.00 , [513334]四川-理塘县 , 1912-07-06 , 女 , -1
	513334800413449 , 22656893.00 , [513334]四川-理塘县 , 1980-04-13 , 男 , -1
	513335480120464 , 22656908.00 , [513335]四川-巴塘县 , 1948-01-20 , 女 , -1
	513337791127681 , 22656959.00 , [513337]四川-稻城县 , 1979-11-27 , 男 , -1
	513338380208784 , 22656972.00 , [513338]四川-得荣县 , 1938-02-08 , 女 , -1
	513400280922244 , 22658338.00 , [513400]四川-凉山彝族自治州 , 1928-09-22 , 女 , -1
	513401640423424 , 22658368.00 , [513401]四川-西昌市 , 1964-04-23 , 女 , -1
	513422441015929 , 22658827.00 , [513422]四川-木里藏族自治县 , 1944-10-15 , 男 , -1
	513424480312384 , 22658872.00 , [513424]四川-德昌县 , 1948-03-12 , 女 , -1
	513425250714321 , 22658889.00 , [513425]四川-会理县 , 1925-07-14 , 男 , -1
	513426021116836 , 22658906.00 , [513426]四川-会东县 , 1902-11-16 , 女 , -1
	513428060420401 , 22658951.00 , [513428]四川-普格县 , 1906-04-20 , 男 , -1
	513428830825024 , 22658968.00 , [513428]四川-普格县 , 1983-08-25 , 女 , -1
	513429601230225 , 22658985.00 , [513429]四川-布拖县 , 1960-12-30 , 男 , -1
	513432320312025 , 22659045.00 , [513432]四川-喜德县 , 1932-03-12 , 男 , -1
	513433090719844 , 22659062.00 , [513433]四川-冕宁县 , 1909-07-19 , 女 , -1
	513433861128241 , 22659079.00 , [513433]四川-冕宁县 , 1986-11-28 , 男 , -1
	513436580221321 , 22659139.00 , [513436]四川-美姑县 , 1958-02-21 , 男 , -1
	520000661211529 , 22803523.00 , [520000]贵州-贵州省 , 1966-12-11 , 男 , -1
	520100910329841 , 22805721.00 , [520100]贵州-贵阳市 , 1991-03-29 , 男 , -1
	520101640113169 , 22805737.00 , [520101]贵州-市辖区 , 1964-01-13 , 男 , -1
	520102050616516 , 22805746.00 , [520102]贵州-南明区 , 1905-06-16 , 女 , -1
	520102461120025 , 22805755.00 , [520102]贵州-南明区 , 1946-11-20 , 男 , -1
	520103190904441 , 22805771.00 , [520103]贵州-云岩区 , 1919-09-04 , 男 , -1
	520111401014401 , 22805951.00 , [520111]贵州-花溪区 , 1940-10-14 , 男 , -1
	520112130805089 , 22805967.00 , [520112]贵州-乌当区 , 1913-08-05 , 男 , -1
	520113271104064 , 22805992.00 , [520113]贵州-白云区 , 1927-11-04 , 女 , -1
	520200941031396 , 22807914.00 , [520200]贵州-六盘水市 , 1994-10-31 , 女 , -1
	520221650823424 , 22808368.00 , [520221]贵州-水城县 , 1965-08-23 , 女 , -1
	520300890111025 , 22810105.00 , [520300]贵州-遵义市 , 1989-01-11 , 男 , -1
	520302030616900 , 22810130.00 , [520302]贵州-红花岗区 , 1903-06-16 , 女 , -1
	520303171124025 , 22810155.00 , [520303]贵州-汇川区 , 1917-11-24 , 男 , -1
	520322970526921 , 22810589.00 , [520322]贵州-桐梓县 , 1997-05-26 , 男 , -1
	520323381117604 , 22810598.00 , [520323]贵州-绥阳县 , 1938-11-17 , 女 , -1
	520324430405641 , 22810621.00 , [520324]贵州-正安县 , 1943-04-05 , 男 , -1
	520326620227561 , 22810669.00 , [520326]贵州-务川仡佬族苗族自治县 , 1962-02-27 , 男 , -1
	520327030819684 , 22810678.00 , [520327]贵州-凤冈县 , 1903-08-19 , 女 , -1
	520328080111401 , 22810701.00 , [520328]贵州-湄潭县 , 1908-01-11 , 男 , -1
	520328490704100 , 22810710.00 , [520328]贵州-湄潭县 , 1949-07-04 , 女 , -1
	520381230401956 , 22811866.00 , [520381]贵州-赤水市 , 1923-04-01 , 女 , -1
	520381641015625 , 22811875.00 , [520381]贵州-赤水市 , 1964-10-15 , 男 , -1
	520423250707369 , 22812787.00 , [520423]贵州-镇宁布依族苗族自治县 , 1925-07-07 , 男 , -1
	520423980716809 , 22812803.00 , [520423]贵州-镇宁布依族苗族自治县 , 1998-07-16 , 男 , -1
	520424710726761 , 22812819.00 , [520424]贵州-关岭布依族苗族自治县 , 1971-07-26 , 男 , -1
	520425030106276 , 22812826.00 , [520425]贵州-紫云苗族布依族自治县 , 1903-01-06 , 女 , -1
	520425760116964 , 22812842.00 , [520425]贵州-紫云苗族布依族自治县 , 1976-01-16 , 女 , -1
	522201701103289 , 22851733.00 , [522201]贵州-铜仁市 , 1970-11-03 , 男 , -1
	522222770613636 , 22852194.00 , [522222]贵州-江口县 , 1977-06-13 , 女 , -1
	522223730406225 , 22852215.00 , [522223]贵州-玉屏侗族自治县 , 1973-04-06 , 男 , -1
	522225010131049 , 22852243.00 , [522225]贵州-思南县 , 1901-01-31 , 男 , -1
	522227021130369 , 22852287.00 , [522227]贵州-德江县 , 1902-11-30 , 男 , -1
	522227980926864 , 22852308.00 , [522227]贵州-德江县 , 1998-09-26 , 女 , -1
	522228940724241 , 22852329.00 , [522228]贵州-沿河土家族自治县 , 1994-07-24 , 男 , -1
	522229900522500 , 22852350.00 , [522229]贵州-松桃苗族自治县 , 1990-05-22 , 女 , -1
	522230860321641 , 22852371.00 , [522230]贵州-万山特区 , 1986-03-21 , 男 , -1
	522300151008769 , 22853887.00 , [522300]贵州-黔西南布依族苗族自治州 , 1915-10-08 , 男 , -1
	522300790917801 , 22853901.00 , [522300]贵州-黔西南布依族苗族自治州 , 1979-09-17 , 男 , -1
	522301430827225 , 22853915.00 , [522301]贵州-兴义市 , 1943-08-27 , 男 , -1
	522323370816025 , 22854395.00 , [522323]贵州-普安县 , 1937-08-16 , 男 , -1
	522324330701056 , 22854416.00 , [522324]贵州-晴隆县 , 1933-07-01 , 女 , -1
	522324970624900 , 22854430.00 , [522324]贵州-晴隆县 , 1997-06-24 , 女 , -1
	522325930511401 , 22854451.00 , [522325]贵州-贞丰县 , 1993-05-11 , 男 , -1
	522327530324196 , 22854486.00 , [522327]贵州-册亨县 , 1953-03-24 , 女 , -1
	522328490213049 , 22854507.00 , [522328]贵州-安龙县 , 1949-02-13 , 男 , -1
	522400210117776 , 22856076.00 , [522400]贵州-毕节地区 , 1921-01-17 , 女 , -1
	522400530102889 , 22856083.00 , [522400]贵州-毕节地区 , 1953-01-02 , 男 , -1
	522423020730625 , 22856575.00 , [522423]贵州-黔西县 , 1902-07-30 , 男 , -1
	522423340722724 , 22856582.00 , [522423]贵州-黔西县 , 1934-07-22 , 女 , -1
	522423660714921 , 22856589.00 , [522423]贵州-黔西县 , 1966-07-14 , 男 , -1
	522423980707216 , 22856596.00 , [522423]贵州-黔西县 , 1998-07-07 , 女 , -1
	522427500628929 , 22856673.00 , [522427]贵州-威宁彝族回族苗族自治县 , 1950-06-28 , 男 , -1
	522427820622400 , 22856680.00 , [522427]贵州-威宁彝族回族苗族自治县 , 1982-06-22 , 女 , -1
	522428140615969 , 22856687.00 , [522428]贵州-赫章县 , 1914-06-15 , 男 , -1
	522428460609636 , 22856694.00 , [522428]贵州-赫章县 , 1946-06-09 , 女 , -1
	522428780603401 , 22856701.00 , [522428]贵州-赫章县 , 1978-06-03 , 男 , -1
	522601500109441 , 22860479.00 , [522601]贵州-凯里市 , 1950-01-09 , 男 , -1
	522622440517969 , 22860937.00 , [522622]贵州-黄平县 , 1944-05-17 , 男 , -1
	522623080624401 , 22860951.00 , [522623]贵州-施秉县 , 1908-06-24 , 男 , -1
	522623720731225 , 22860965.00 , [522623]贵州-施秉县 , 1972-07-31 , 男 , -1
	522625961108196 , 22861014.00 , [522625]贵州-镇远县 , 1996-11-08 , 女 , -1
	522626601216784 , 22861028.00 , [522626]贵州-岑巩县 , 1960-12-16 , 女 , -1
	522629070210724 , 22861082.00 , [522629]贵州-剑河县 , 1907-02-10 , 女 , -1
	522629710321216 , 22861096.00 , [522629]贵州-剑河县 , 1971-03-21 , 女 , -1
	522631950711025 , 22861145.00 , [522631]贵州-黎平县 , 1995-07-11 , 男 , -1
	522632590823281 , 22861159.00 , [522632]贵州-榕江县 , 1959-08-23 , 男 , -1
	522634191105636 , 22861194.00 , [522634]贵州-雷山县 , 1919-11-05 , 女 , -1
	522634831219264 , 22861208.00 , [522634]贵州-雷山县 , 1983-12-19 , 女 , -1
	522636660117504 , 22861248.00 , [522636]贵州-丹寨县 , 1966-01-17 , 女 , -1
	522701130824964 , 22862658.00 , [522701]贵州-都匀市 , 1913-08-24 , 女 , -1
	522701450902225 , 22862665.00 , [522701]贵州-都匀市 , 1945-09-02 , 男 , -1
	522702731212249 , 22862693.00 , [522702]贵州-福泉市 , 1973-12-12 , 男 , -1
	522722210408161 , 22863119.00 , [522722]贵州-荔波县 , 1921-04-08 , 男 , -1
	522723810827716 , 22863154.00 , [522723]贵州-贵定县 , 1981-08-27 , 女 , -1
	522726920221284 , 22863222.00 , [522726]贵州-独山县 , 1992-02-21 , 女 , -1
	522727240306441 , 22863229.00 , [522727]贵州-平塘县 , 1924-03-06 , 男 , -1
	522729160819441 , 22863271.00 , [522729]贵州-长顺县 , 1916-08-19 , 男 , -1
	522729480905284 , 22863278.00 , [522729]贵州-长顺县 , 1948-09-05 , 女 , -1
	522732270228921 , 22863339.00 , [522732]贵州-三都水族自治县 , 1927-02-28 , 男 , -1
	522732590315716 , 22863346.00 , [522732]贵州-三都水族自治县 , 1959-03-15 , 女 , -1
	522732910402609 , 22863353.00 , [522732]贵州-三都水族自治县 , 1991-04-02 , 男 , -1
	530000190323289 , 23021733.00 , [530000]云南-云南省 , 1919-03-23 , 男 , -1
	530101030309929 , 23023923.00 , [530101]云南-市辖区 , 1903-03-09 , 男 , -1
	530101721027844 , 23023938.00 , [530101]云南-市辖区 , 1972-10-27 , 女 , -1
	530102780129521 , 23023961.00 , [530102]云南-五华区 , 1978-01-29 , 男 , -1
	530103240608841 , 23023971.00 , [530103]云南-盘龙区 , 1924-06-08 , 男 , -1
	530111391125904 , 23024148.00 , [530111]云南-官渡区 , 1939-11-25 , 女 , -1
	530112910720761 , 23024181.00 , [530112]云南-西山区 , 1991-07-20 , 男 , -1
	530113371204481 , 23024191.00 , [530113]云南-东川区 , 1937-12-04 , 男 , -1
	530122580920881 , 23024391.00 , [530122]云南-晋宁县 , 1958-09-20 , 男 , -1
	530124100531776 , 23024424.00 , [530124]云南-富民县 , 1910-05-31 , 女 , -1
	530124561020356 , 23024434.00 , [530124]云南-富民县 , 1956-10-20 , 女 , -1
	530126541123529 , 23024477.00 , [530126]云南-石林彝族自治县 , 1954-11-23 , 男 , -1
	530128521230400 , 23024520.00 , [530128]云南-禄劝彝族苗族自治县 , 1952-12-30 , 女 , -1
	530129350113444 , 23024538.00 , [530129]云南-寻甸回族彝族自治县 , 1935-01-13 , 女 , -1
	530129810604304 , 23024548.00 , [530129]云南-寻甸回族彝族自治县 , 1981-06-04 , 女 , -1
	530301081023289 , 23028267.00 , [530301]云南-市辖区 , 1908-10-23 , 男 , -1
	530302140324100 , 23028290.00 , [530302]云南-麒麟区 , 1914-03-24 , 女 , -1
	530302370607025 , 23028295.00 , [530302]云南-麒麟区 , 1937-06-07 , 男 , -1
	530321530321521 , 23028711.00 , [530321]云南-马龙县 , 1953-03-21 , 男 , -1
	530321760608656 , 23028716.00 , [530321]云南-马龙县 , 1976-06-08 , 女 , -1
	530323050217536 , 23028744.00 , [530323]云南-师宗县 , 1905-02-17 , 女 , -1
	530323280505001 , 23028749.00 , [530323]云南-师宗县 , 1928-05-05 , 男 , -1
	530324570115729 , 23028777.00 , [530324]云南-罗平县 , 1957-01-15 , 男 , -1
	530324800403524 , 23028782.00 , [530324]云南-罗平县 , 1980-04-03 , 女 , -1
	530326320304225 , 23028815.00 , [530326]云南-会泽县 , 1932-03-04 , 男 , -1
	530400890228356 , 23030434.00 , [530400]云南-玉溪市 , 1989-02-28 , 女 , -1
	530423690603041 , 23030929.00 , [530423]云南-通海县 , 1969-06-03 , 男 , -1
	530423920912356 , 23030934.00 , [530423]云南-通海县 , 1992-09-12 , 女 , -1
	530424151221721 , 23030939.00 , [530424]云南-华宁县 , 1915-12-21 , 男 , -1
	530427790116324 , 23031018.00 , [530427]云南-新平彝族傣族自治县 , 1979-01-16 , 女 , -1
	530428020426529 , 23031023.00 , [530428]云南-元江哈尼族彝族傣族自治县 , 1902-04-26 , 男 , -1
	530500340303649 , 23032593.00 , [530500]云南-保山市 , 1934-03-03 , 男 , -1
	530500570629604 , 23032598.00 , [530500]云南-保山市 , 1957-06-29 , 女 , -1
	530501630129641 , 23032621.00 , [530501]云南-市辖区 , 1963-01-29 , 男 , -1
	530502321108496 , 23032636.00 , [530502]云南-隆阳区 , 1932-11-08 , 女 , -1
	530521760831364 , 23033058.00 , [530521]云南-施甸县 , 1976-08-31 , 女 , -1
	530523281014281 , 23033091.00 , [530523]云南-龙陵县 , 1928-10-14 , 男 , -1
	530524110205881 , 23033109.00 , [530524]云南-昌宁县 , 1911-02-05 , 男 , -1
	530622650421504 , 23035248.00 , [530622]云南-巧家县 , 1965-04-21 , 女 , -1
	530623111126564 , 23035258.00 , [530623]云南-盐津县 , 1911-11-26 , 女 , -1
	530624401101796 , 23035286.00 , [530624]云南-大关县 , 1940-11-01 , 女 , -1
	530625460725481 , 23035309.00 , [530625]云南-永善县 , 1946-07-25 , 男 , -1
	530626750703569 , 23035337.00 , [530626]云南-绥江县 , 1975-07-03 , 男 , -1
	530627810329600 , 23035360.00 , [530627]云南-镇雄县 , 1981-03-29 , 女 , -1
	530629100310544 , 23035388.00 , [530629]云南-威信县 , 1910-03-10 , 女 , -1
	530629561018404 , 23035398.00 , [530629]云南-威信县 , 1956-10-18 , 女 , -1
	530630851001476 , 23035426.00 , [530630]云南-水富县 , 1985-10-01 , 女 , -1
	530700881006916 , 23036946.00 , [530700]云南-丽江市 , 1988-10-06 , 女 , -1
	530701940706961 , 23036969.00 , [530701]云南-市辖区 , 1994-07-06 , 男 , -1
	530721890909604 , 23037402.00 , [530721]云南-玉龙纳西族自治县 , 1989-09-09 , 女 , -1
	530722950630625 , 23037425.00 , [530722]云南-永胜县 , 1995-06-30 , 男 , -1
	530723181004900 , 23037430.00 , [530723]云南-华坪县 , 1918-10-04 , 女 , -1
	530724240727209 , 23037453.00 , [530724]云南-宁蒗彝族自治县 , 1924-07-27 , 男 , -1
	530724471101764 , 23037458.00 , [530724]云南-宁蒗彝族自治县 , 1947-11-01 , 女 , -1
	530821970101476 , 23039574.00 , [530821]云南-宁洱哈尼族彝族自治县 , 1997-01-01 , 女 , -1
	530823260318404 , 23039602.00 , [530823]云南-景东彝族自治县 , 1926-03-18 , 女 , -1
	530823490714449 , 23039607.00 , [530823]云南-景东彝族自治县 , 1949-07-14 , 男 , -1
	530823721110544 , 23039612.00 , [530823]云南-景东彝族自治县 , 1972-11-10 , 女 , -1
	530827960407616 , 23039704.00 , [530827]云南-孟连傣族拉祜族佤族自治县 , 1996-04-07 , 女 , -1
	530828190804681 , 23039709.00 , [530828]云南-澜沧拉祜族自治县 , 1919-08-04 , 男 , -1
	530828421201796 , 23039714.00 , [530828]云南-澜沧拉祜族自治县 , 1942-12-01 , 女 , -1
	530829481029169 , 23039737.00 , [530829]云南-西盟佤族自治县 , 1948-10-29 , 男 , -1
	530900630120961 , 23041281.00 , [530900]云南-临沧市 , 1963-01-20 , 男 , -1
	530923210816441 , 23041771.00 , [530923]云南-永德县 , 1921-08-16 , 男 , -1
	530924040320521 , 23041789.00 , [530924]云南-镇康县 , 1904-03-20 , 男 , -1
	530926621004025 , 23041845.00 , [530926]云南-耿马傣族佤族自治县 , 1962-10-04 , 男 , -1
	530927450510769 , 23041863.00 , [530927]云南-沧源佤族自治县 , 1945-05-10 , 男 , -1
	530927680929424 , 23041868.00 , [530927]云南-沧源佤族自治县 , 1968-09-29 , 女 , -1
	532300710719449 , 23071643.00 , [532300]云南-楚雄彝族自治州 , 1971-07-19 , 男 , -1
	532323690323881 , 23072141.00 , [532323]云南-牟定县 , 1969-03-23 , 男 , -1
	532324520921281 , 23072159.00 , [532324]云南-南华县 , 1952-09-21 , 男 , -1
	532326920428521 , 23072211.00 , [532326]云南-大姚县 , 1992-04-28 , 男 , -1
	532327520306176 , 23072224.00 , [532327]云南-永仁县 , 1952-03-06 , 女 , -1
	532327751028441 , 23072229.00 , [532327]云南-永仁县 , 1975-10-28 , 男 , -1
	532328350906564 , 23072242.00 , [532328]云南-元谋县 , 1935-09-06 , 女 , -1
	532331350302249 , 23072307.00 , [532331]云南-禄丰县 , 1935-03-02 , 男 , -1
	532331581025344 , 23072312.00 , [532331]云南-禄丰县 , 1958-10-25 , 女 , -1
	532501960608016 , 23076004.00 , [532501]云南-个旧市 , 1996-06-08 , 女 , -1
	532523790731529 , 23076477.00 , [532523]云南-屏边苗族自治县 , 1979-07-31 , 男 , -1
	532524390720100 , 23076490.00 , [532524]云南-建水县 , 1939-07-20 , 女 , -1
	532524990709009 , 23076503.00 , [532524]云南-建水县 , 1999-07-09 , 男 , -1
	532530390624400 , 23076620.00 , [532530]云南-金平苗族瑶族傣族自治县 , 1939-06-24 , 女 , -1
	532530990616689 , 23076633.00 , [532530]云南-金平苗族瑶族傣族自治县 , 1999-06-16 , 男 , -1
	532531590609316 , 23076646.00 , [532531]云南-绿春县 , 1959-06-09 , 女 , -1
	532532190602281 , 23076659.00 , [532532]云南-河口瑶族自治县 , 1919-06-02 , 男 , -1
	532621501016836 , 23078594.00 , [532621]云南-文山县 , 1950-10-16 , 女 , -1
	532622470318225 , 23078615.00 , [532622]云南-砚山县 , 1947-03-18 , 男 , -1
	532622701104400 , 23078620.00 , [532622]云南-砚山县 , 1970-11-04 , 女 , -1
	532623670406881 , 23078641.00 , [532623]云南-西畴县 , 1967-04-06 , 男 , -1
	532627870727824 , 23078732.00 , [532627]云南-广南县 , 1987-07-27 , 女 , -1
	532800790620484 , 23082478.00 , [532800]云南-西双版纳傣族自治州 , 1979-06-20 , 女 , -1
	532801990910016 , 23082504.00 , [532801]云南-景洪市 , 1999-09-10 , 女 , -1
	532822580702500 , 23082950.00 , [532822]云南-勐海县 , 1958-07-02 , 女 , -1
	532823781016576 , 23082976.00 , [532823]云南-勐腊县 , 1978-10-16 , 女 , -1
	532923550308769 , 23085137.00 , [532923]云南-祥云县 , 1955-03-08 , 男 , -1
	532924150522500 , 23085150.00 , [532924]云南-宾川县 , 1915-05-22 , 女 , -1
	532925720313856 , 23085184.00 , [532925]云南-弥渡县 , 1972-03-13 , 女 , -1
	532926320528809 , 23085197.00 , [532926]云南-南涧彝族自治县 , 1932-05-28 , 男 , -1
	532927290107524 , 23085218.00 , [532927]云南-巍山彝族回族自治县 , 1929-01-07 , 女 , -1
	532927890323361 , 23085231.00 , [532927]云南-巍山彝族回族自治县 , 1989-03-23 , 男 , -1
	532929460120225 , 23085265.00 , [532929]云南-云龙县 , 1946-01-20 , 男 , -1
	532932461208900 , 23085330.00 , [532932]云南-鹤庆县 , 1946-12-08 , 女 , -1
	533102290424064 , 23089008.00 , [533102]云南-瑞丽市 , 1929-04-24 , 女 , -1
	533122470408025 , 23089445.00 , [533122]云南-梁河县 , 1947-04-08 , 男 , -1
	533124640818064 , 23089492.00 , [533124]云南-陇川县 , 1964-08-18 , 女 , -1
	533323690815204 , 23093802.00 , [533323]云南-福贡县 , 1969-08-15 , 女 , -1
	533324060316100 , 23093810.00 , [533324]云南-贡山独龙族怒族自治县 , 1906-03-16 , 女 , -1
	533400780711841 , 23095471.00 , [533400]云南-迪庆藏族自治州 , 1978-07-11 , 男 , -1
	533421151111744 , 23095912.00 , [533421]云南-香格里拉县 , 1915-11-11 , 女 , -1
	533422860210601 , 23095949.00 , [533422]云南-德钦县 , 1986-02-10 , 男 , -1
	533423460705444 , 23095962.00 , [533423]云南-维西傈僳族自治县 , 1946-07-05 , 女 , -1
	540100621204225 , 23240065.00 , [540100]西藏-拉萨市 , 1962-12-04 , 男 , -1
	540101550807225 , 23240085.00 , [540101]西藏-市辖区 , 1955-08-07 , 男 , -1
	540102480411025 , 23240105.00 , [540102]西藏-城关区 , 1948-04-11 , 男 , -1
	540121630427289 , 23240517.00 , [540121]西藏-林周县 , 1963-04-27 , 男 , -1
	540122420605156 , 23240534.00 , [540122]西藏-当雄县 , 1942-06-05 , 女 , -1
	540123350226916 , 23240554.00 , [540123]西藏-尼木县 , 1935-02-26 , 女 , -1
	540124140406041 , 23240571.00 , [540124]西藏-曲水县 , 1914-04-06 , 男 , -1
	540125860209664 , 23240608.00 , [540125]西藏-堆龙德庆县 , 1986-02-09 , 女 , -1
	540127301128321 , 23240639.00 , [540127]西藏-墨竹工卡县 , 1930-11-28 , 男 , -1
	542123560901209 , 23283547.00 , [542123]西藏-贡觉县 , 1956-09-01 , 男 , -1
	542123700602500 , 23283550.00 , [542123]西藏-贡觉县 , 1970-06-02 , 女 , -1
	542123840303809 , 23283553.00 , [542123]西藏-贡觉县 , 1984-03-03 , 男 , -1
	542126820602689 , 23283617.00 , [542126]西藏-察雅县 , 1982-06-02 , 男 , -1
	542126960304400 , 23283620.00 , [542126]西藏-察雅县 , 1996-03-04 , 女 , -1
	542129661207684 , 23283678.00 , [542129]西藏-芒康县 , 1966-12-07 , 女 , -1
	542129800909761 , 23283681.00 , [542129]西藏-芒康县 , 1980-09-09 , 男 , -1
	542129940611856 , 23283684.00 , [542129]西藏-芒康县 , 1994-06-11 , 女 , -1
	542132781225025 , 23283745.00 , [542132]西藏-洛隆县 , 1978-12-25 , 男 , -1
	542132920927504 , 23283748.00 , [542132]西藏-洛隆县 , 1992-09-27 , 女 , -1
	542133060630001 , 23283751.00 , [542133]西藏-边坝县 , 1906-06-30 , 男 , -1
	542221030209600 , 23285640.00 , [542221]西藏-乃东县 , 1903-02-09 , 女 , -1
	542222660205625 , 23285675.00 , [542222]西藏-扎囊县 , 1966-02-05 , 男 , -1
	542224290204100 , 23285710.00 , [542224]西藏-桑日县 , 1929-02-04 , 女 , -1
	542225920205025 , 23285745.00 , [542225]西藏-琼结县 , 1992-02-05 , 男 , -1
	542227550208400 , 23285780.00 , [542227]西藏-措美县 , 1955-02-08 , 女 , -1
	542229180214225 , 23285815.00 , [542229]西藏-加查县 , 1918-02-14 , 男 , -1
	542232160802641 , 23285879.00 , [542232]西藏-错那县 , 1916-08-02 , 男 , -1
	542232300517924 , 23285882.00 , [542232]西藏-错那县 , 1930-05-17 , 女 , -1
	542233790815396 , 23285914.00 , [542233]西藏-浪卡子县 , 1979-08-15 , 女 , -1
	542233930530889 , 23285917.00 , [542233]西藏-浪卡子县 , 1993-05-30 , 男 , -1
	542300111126244 , 23287338.00 , [542300]西藏-日喀则地区 , 1911-11-26 , 女 , -1
	542322420625489 , 23287817.00 , [542322]西藏-南木林县 , 1942-06-25 , 男 , -1
	542324190501025 , 23287855.00 , [542324]西藏-定日县 , 1919-05-01 , 男 , -1
	542324330228164 , 23287858.00 , [542324]西藏-定日县 , 1933-02-28 , 女 , -1
	542325680924769 , 23287887.00 , [542325]西藏-萨迦县 , 1968-09-24 , 男 , -1
	542326100106816 , 23287896.00 , [542326]西藏-拉孜县 , 1910-01-06 , 女 , -1
	542327450805625 , 23287925.00 , [542327]西藏-昂仁县 , 1945-08-05 , 男 , -1
	542329360417156 , 23287966.00 , [542329]西藏-白朗县 , 1936-04-17 , 女 , -1
	542330711120025 , 23287995.00 , [542330]西藏-仁布县 , 1971-11-20 , 男 , -1
	542331130304016 , 23288004.00 , [542331]西藏-康马县 , 1913-03-04 , 女 , -1
	542332481009089 , 23288033.00 , [542332]西藏-定结县 , 1948-10-09 , 男 , -1
	542334250901041 , 23288071.00 , [542334]西藏-亚东县 , 1925-09-01 , 男 , -1
	542334390629476 , 23288074.00 , [542334]西藏-亚东县 , 1939-06-29 , 女 , -1
	542336160524544 , 23288112.00 , [542336]西藏-聂拉木县 , 1916-05-24 , 女 , -1
	542337930422500 , 23288150.00 , [542337]西藏-萨嘎县 , 1993-04-22 , 女 , -1
	542400670513009 , 23289497.00 , [542400]西藏-那曲地区 , 1967-05-13 , 男 , -1
	542421771002500 , 23289950.00 , [542421]西藏-那曲县 , 1977-10-02 , 女 , -1
	542422190221681 , 23289959.00 , [542422]西藏-嘉黎县 , 1919-02-21 , 男 , -1
	542423820520036 , 23289994.00 , [542423]西藏-比如县 , 1982-05-20 , 女 , -1
	542425450820841 , 23290029.00 , [542425]西藏-安多县 , 1945-08-20 , 男 , -1
	542425730301225 , 23290035.00 , [542425]西藏-安多县 , 1973-03-01 , 男 , -1
	542427081124096 , 23290064.00 , [542427]西藏-索县 , 1908-11-24 , 女 , -1
	542427360604900 , 23290070.00 , [542427]西藏-索县 , 1936-06-04 , 女 , -1
	542428990911025 , 23290105.00 , [542428]西藏-班戈县 , 1999-09-11 , 男 , -1
	542430621219600 , 23290140.00 , [542430]西藏-尼玛县 , 1962-12-19 , 女 , -1
	542430900701316 , 23290146.00 , [542430]西藏-尼玛县 , 1990-07-01 , 女 , -1
	542500121223424 , 23291632.00 , [542500]西藏-阿里地区 , 1912-12-23 , 女 , -1
	542500400723044 , 23291638.00 , [542500]西藏-阿里地区 , 1940-07-23 , 女 , -1
	542500680222736 , 23291644.00 , [542500]西藏-阿里地区 , 1968-02-22 , 女 , -1
	542522760925924 , 23292118.00 , [542522]西藏-札达县 , 1976-09-25 , 女 , -1
	542524531128336 , 23292156.00 , [542524]西藏-日土县 , 1953-11-28 , 女 , -1
	542621430823696 , 23294236.00 , [542621]西藏-林芝县 , 1943-08-23 , 女 , -1
	542621850120025 , 23294245.00 , [542621]西藏-林芝县 , 1985-01-20 , 男 , -1
	542623480718400 , 23294280.00 , [542623]西藏-米林县 , 1948-07-18 , 女 , -1
	542625530616976 , 23294324.00 , [542625]西藏-波密县 , 1953-06-16 , 女 , -1
	542627161220881 , 23294359.00 , [542627]西藏-朗县 , 1916-12-20 , 男 , -1
	542627580519424 , 23294368.00 , [542627]西藏-朗县 , 1958-05-19 , 女 , -1
	610112180801601 , 24700449.00 , [610112]陕西-未央区 , 1918-08-01 , 男 , -1
	610112230202500 , 24700450.00 , [610112]陕西-未央区 , 1923-02-02 , 女 , -1
	610112971216225 , 24700465.00 , [610112]陕西-未央区 , 1997-12-16 , 男 , -1
	610113020617156 , 24700466.00 , [610113]陕西-雁塔区 , 1902-06-17 , 女 , -1
	610122061021201 , 24700649.00 , [610122]陕西-蓝田县 , 1906-10-21 , 男 , -1
	610122110422500 , 24700650.00 , [610122]陕西-蓝田县 , 1911-04-22 , 女 , -1
	610125370912656 , 24700716.00 , [610125]陕西-户县 , 1937-09-12 , 女 , -1
	610125420314089 , 24700717.00 , [610125]陕西-户县 , 1942-03-14 , 男 , -1
	610200661017600 , 24702240.00 , [610200]陕西-铜川市 , 1966-10-17 , 女 , -1
	610200710422081 , 24702241.00 , [610200]陕西-铜川市 , 1971-04-22 , 男 , -1
	610203971122249 , 24702307.00 , [610203]陕西-印台区 , 1997-11-22 , 男 , -1
	610204020526864 , 24702308.00 , [610204]陕西-耀州区 , 1902-05-26 , 女 , -1
	610204860405625 , 24702325.00 , [610204]陕西-耀州区 , 1986-04-05 , 男 , -1
	610301400909841 , 24704279.00 , [610301]陕西-市辖区 , 1940-09-09 , 男 , -1
	610301450318400 , 24704280.00 , [610301]陕西-市辖区 , 1945-03-18 , 女 , -1
	610303080801969 , 24704313.00 , [610303]陕西-金台区 , 1908-08-01 , 男 , -1
	610303130210596 , 24704314.00 , [610303]陕西-金台区 , 1913-02-10 , 女 , -1
	610304810105104 , 24704348.00 , [610304]陕西-陈仓区 , 1981-01-05 , 女 , -1
	610322300908804 , 24704702.00 , [610322]陕西-凤翔县 , 1930-09-08 , 女 , -1
	610322350318209 , 24704703.00 , [610322]陕西-凤翔县 , 1935-03-18 , 男 , -1
	610323980829696 , 24704736.00 , [610323]陕西-岐山县 , 1998-08-29 , 女 , -1
	610326500715369 , 24704787.00 , [610326]陕西-眉县 , 1950-07-15 , 男 , -1
	610326550124944 , 24704788.00 , [610326]陕西-眉县 , 1955-01-24 , 女 , -1
	610329020606244 , 24704838.00 , [610329]陕西-麟游县 , 1902-06-06 , 女 , -1
	610330651126641 , 24704871.00 , [610330]陕西-凤县 , 1965-11-26 , 男 , -1
	610331540502321 , 24704889.00 , [610331]陕西-太白县 , 1954-05-02 , 男 , -1
	610402890306889 , 24706333.00 , [610402]陕西-秦都区 , 1989-03-06 , 男 , -1
	610403680909801 , 24706349.00 , [610403]陕西-杨凌区 , 1968-09-09 , 男 , -1
	610403730322500 , 24706350.00 , [610403]陕西-杨凌区 , 1973-03-22 , 女 , -1
	610404520925956 , 24706366.00 , [610404]陕西-渭城区 , 1952-09-25 , 女 , -1
	610422210812176 , 24706724.00 , [610422]陕西-三原县 , 1921-08-12 , 女 , -1
	610422260225625 , 24706725.00 , [610422]陕西-三原县 , 1926-02-25 , 男 , -1
	610424780314176 , 24706776.00 , [610424]陕西-乾县 , 1978-03-14 , 女 , -1
	610427300407929 , 24706827.00 , [610427]陕西-彬县 , 1930-04-07 , 男 , -1
	610428091026649 , 24706843.00 , [610428]陕西-长武县 , 1909-10-26 , 男 , -1
	610429820506884 , 24706878.00 , [610429]陕西-旬邑县 , 1982-05-06 , 女 , -1
	610430611127236 , 24706894.00 , [610430]陕西-淳化县 , 1961-11-27 , 女 , -1
	610481310726400 , 24707920.00 , [610481]陕西-兴平市 , 1931-07-26 , 女 , -1
	610500780722596 , 24708314.00 , [610500]陕西-渭南市 , 1978-07-22 , 女 , -1
	610501620805561 , 24708331.00 , [610501]陕西-市辖区 , 1962-08-05 , 男 , -1
	610501670222224 , 24708332.00 , [610501]陕西-市辖区 , 1967-02-22 , 女 , -1
	610502510305801 , 24708349.00 , [610502]陕西-临渭区 , 1951-03-05 , 男 , -1
	610521091125625 , 24708725.00 , [610521]陕西-华县 , 1909-11-25 , 男 , -1
	610521931222564 , 24708742.00 , [610521]陕西-华县 , 1993-12-22 , 女 , -1
	610582370301225 , 24709965.00 , [610582]陕西-华阴市 , 1937-03-01 , 男 , -1
	610600211026276 , 24710326.00 , [610600]陕西-延安市 , 1921-10-26 , 女 , -1
	610602780902884 , 24710378.00 , [610602]陕西-宝塔区 , 1978-09-02 , 女 , -1
	610602830323641 , 24710379.00 , [610602]陕西-宝塔区 , 1983-03-23 , 男 , -1
	610622450522176 , 24710776.00 , [610622]陕西-延川县 , 1945-05-22 , 女 , -1
	610623340110436 , 24710794.00 , [610623]陕西-子长县 , 1934-01-10 , 女 , -1
	610624971023929 , 24710827.00 , [610624]陕西-安塞县 , 1997-10-23 , 男 , -1
	610625860614025 , 24710845.00 , [610625]陕西-志丹县 , 1986-06-14 , 男 , -1
	610626750204769 , 24710863.00 , [610626]陕西-吴起县 , 1975-02-04 , 男 , -1
	610628381122816 , 24710896.00 , [610628]陕西-富县 , 1938-11-22 , 女 , -1
	610629270715396 , 24710914.00 , [610629]陕西-洛川县 , 1927-07-15 , 女 , -1
	610630160308624 , 24710932.00 , [610630]陕西-宜川县 , 1916-03-08 , 女 , -1
	610631791231225 , 24710965.00 , [610631]陕西-黄龙县 , 1979-12-31 , 男 , -1
	610632680826289 , 24710983.00 , [610632]陕西-黄陵县 , 1968-08-26 , 男 , -1
	610700440221316 , 24712354.00 , [610700]陕西-汉中市 , 1944-02-21 , 女 , -1
	610701231016900 , 24712370.00 , [610701]陕西-市辖区 , 1923-10-16 , 女 , -1
	610723571203684 , 24712822.00 , [610723]陕西-洋县 , 1957-12-03 , 女 , -1
	610723620629329 , 24712823.00 , [610723]陕西-洋县 , 1962-06-29 , 男 , -1
	610725301102449 , 24712857.00 , [610725]陕西-勉县 , 1930-11-02 , 男 , -1
	610725350528164 , 24712858.00 , [610725]陕西-勉县 , 1935-05-28 , 女 , -1
	610727031003664 , 24712892.00 , [610727]陕西-略阳县 , 1903-10-03 , 女 , -1
	610727080429449 , 24712893.00 , [610727]陕西-略阳县 , 1908-04-29 , 男 , -1
	610728760907329 , 24712927.00 , [610728]陕西-镇巴县 , 1976-09-07 , 男 , -1
	610730490813444 , 24712962.00 , [610730]陕西-佛坪县 , 1949-08-13 , 女 , -1
	610801320216025 , 24714395.00 , [610801]陕西-市辖区 , 1932-02-16 , 男 , -1
	610802160505744 , 24714412.00 , [610802]陕西-榆阳区 , 1916-05-05 , 女 , -1
	610822970217889 , 24714833.00 , [610822]陕西-府谷县 , 1997-02-17 , 男 , -1
	610823810522500 , 24714850.00 , [610823]陕西-横山县 , 1981-05-22 , 女 , -1
	610824650827689 , 24714867.00 , [610824]陕西-靖边县 , 1965-08-27 , 男 , -1
	610827270606400 , 24714920.00 , [610827]陕西-米脂县 , 1927-06-06 , 女 , -1
	610828110913969 , 24714937.00 , [610828]陕西-佳县 , 1911-09-13 , 男 , -1
	610828951222116 , 24714954.00 , [610828]陕西-佳县 , 1995-12-22 , 女 , -1
	610830780130081 , 24714991.00 , [610830]陕西-清涧县 , 1978-01-30 , 男 , -1
	610831571010049 , 24715007.00 , [610831]陕西-子洲县 , 1957-10-10 , 男 , -1
	610900231228816 , 24716396.00 , [610900]陕西-安康市 , 1923-12-28 , 女 , -1
	610901121019396 , 24716414.00 , [610901]陕西-市辖区 , 1912-10-19 , 女 , -1
	610902010810624 , 24716432.00 , [610902]陕西-汉滨区 , 1901-08-10 , 女 , -1
	610902900602500 , 24716450.00 , [610902]陕西-汉滨区 , 1990-06-02 , 女 , -1
	610921190912400 , 24716820.00 , [610921]陕西-汉阴县 , 1919-09-12 , 女 , -1
	610922080718244 , 24716838.00 , [610922]陕西-石泉县 , 1908-07-18 , 女 , -1
	610922970524736 , 24716856.00 , [610922]陕西-石泉县 , 1997-05-24 , 女 , -1
	610923860331876 , 24716874.00 , [610923]陕西-宁陕县 , 1986-03-31 , 女 , -1
	610924700705881 , 24716891.00 , [610924]陕西-紫阳县 , 1970-07-05 , 男 , -1
	610925590514281 , 24716909.00 , [610925]陕西-岚皋县 , 1959-05-14 , 男 , -1
	610926480323329 , 24716927.00 , [610926]陕西-平利县 , 1948-03-23 , 男 , -1
	610928210509444 , 24716962.00 , [610928]陕西-旬阳县 , 1921-05-09 , 女 , -1
	610929100320400 , 24716980.00 , [610929]陕西-白河县 , 1910-03-20 , 女 , -1
	611000040112225 , 24718415.00 , [611000]陕西-商洛市 , 1904-01-12 , 男 , -1
	611000831101761 , 24718431.00 , [611000]陕西-商洛市 , 1983-11-01 , 男 , -1
	611001770402500 , 24718450.00 , [611001]陕西-市辖区 , 1977-04-02 , 女 , -1
	611002610830089 , 24718467.00 , [611002]陕西-商州区 , 1961-08-30 , 男 , -1
	611021940824164 , 24718858.00 , [611021]陕西-洛南县 , 1994-08-24 , 女 , -1
	611022830703376 , 24718876.00 , [611022]陕西-丹凤县 , 1983-07-03 , 女 , -1
	611024561025921 , 24718911.00 , [611024]陕西-山阳县 , 1956-10-25 , 男 , -1
	611025450907041 , 24718929.00 , [611025]陕西-镇安县 , 1945-09-07 , 男 , -1
	611026390226704 , 24718948.00 , [611026]陕西-柞水县 , 1939-02-26 , 女 , -1
	620200350207684 , 24903822.00 , [620200]甘肃-嘉峪关市 , 1935-02-07 , 女 , -1
	620302161209956 , 24905866.00 , [620302]甘肃-金川区 , 1916-12-09 , 女 , -1
	620302211021689 , 24905867.00 , [620302]甘肃-金川区 , 1921-10-21 , 男 , -1
	620401240701025 , 24907855.00 , [620401]甘肃-市辖区 , 1924-07-01 , 男 , -1
	620401290516736 , 24907856.00 , [620401]甘肃-市辖区 , 1929-05-16 , 女 , -1
	620403831120649 , 24907907.00 , [620403]甘肃-平川区 , 1983-11-20 , 男 , -1
	620422860907521 , 24908289.00 , [620422]甘肃-会宁县 , 1986-09-07 , 男 , -1
	620422910724100 , 24908290.00 , [620422]甘肃-会宁县 , 1991-07-24 , 女 , -1
	620502370713225 , 24909885.00 , [620502]甘肃-秦州区 , 1937-07-13 , 男 , -1
	620521651113984 , 24910272.00 , [620521]甘肃-清水县 , 1965-11-13 , 女 , -1
	620521900216729 , 24910277.00 , [620521]甘肃-清水县 , 1990-02-16 , 男 , -1
	620524540708900 , 24910330.00 , [620524]甘肃-武山县 , 1954-07-08 , 女 , -1
	620524590529561 , 24910331.00 , [620524]甘肃-武山县 , 1959-05-29 , 男 , -1
	620600071127716 , 24911846.00 , [620600]甘肃-武威市 , 1907-11-27 , 女 , -1
	620600270422500 , 24911850.00 , [620600]甘肃-武威市 , 1927-04-22 , 女 , -1
	620602960905216 , 24911904.00 , [620602]甘肃-凉州区 , 1996-09-05 , 女 , -1
	620622741114601 , 24912301.00 , [620622]甘肃-古浪县 , 1974-11-14 , 男 , -1
	620622940413025 , 24912305.00 , [620622]甘肃-古浪县 , 1994-04-13 , 男 , -1
	620700270616449 , 24913857.00 , [620700]甘肃-张掖市 , 1927-06-16 , 男 , -1
	620723440719684 , 24914322.00 , [620723]甘肃-临泽县 , 1944-07-19 , 女 , -1
	620723590205625 , 24914325.00 , [620723]甘肃-临泽县 , 1959-02-05 , 男 , -1
	620802571128100 , 24915910.00 , [620802]甘肃-崆峒区 , 1957-11-28 , 女 , -1
	620802720623569 , 24915913.00 , [620802]甘肃-崆峒区 , 1972-06-23 , 男 , -1
	620802870119056 , 24915916.00 , [620802]甘肃-崆峒区 , 1987-01-19 , 女 , -1
	620823401003584 , 24916328.00 , [620823]甘肃-崇信县 , 1940-10-03 , 女 , -1
	620823550501561 , 24916331.00 , [620823]甘肃-崇信县 , 1955-05-01 , 男 , -1
	620826640130449 , 24916393.00 , [620826]甘肃-静宁县 , 1964-01-30 , 男 , -1
	620901491231025 , 24917895.00 , [620901]甘肃-市辖区 , 1949-12-31 , 男 , -1
	620901590902609 , 24917897.00 , [620901]甘肃-市辖区 , 1959-09-02 , 男 , -1
	620922920805625 , 24918325.00 , [620922]甘肃-瓜州县 , 1992-08-05 , 男 , -1
	620923070315584 , 24918328.00 , [620923]甘肃-肃北蒙古族自治县 , 1907-03-15 , 女 , -1
	620981181216036 , 24919494.00 , [620981]甘肃-玉门市 , 1918-12-16 , 女 , -1
	620981430411001 , 24919499.00 , [620981]甘肃-玉门市 , 1943-04-11 , 男 , -1
	621002911204900 , 24919930.00 , [621002]甘肃-西峰区 , 1991-12-04 , 女 , -1
	621021750814864 , 24920308.00 , [621021]甘肃-庆城县 , 1975-08-14 , 女 , -1
	621024940618384 , 24920372.00 , [621024]甘肃-合水县 , 1994-06-18 , 女 , -1
	621027881225761 , 24920431.00 , [621027]甘肃-镇原县 , 1988-12-25 , 男 , -1
	621027980907489 , 24920433.00 , [621027]甘肃-镇原县 , 1998-09-07 , 男 , -1
	621100651015881 , 24921891.00 , [621100]甘肃-定西市 , 1965-10-15 , 男 , -1
	621100750703449 , 24921893.00 , [621100]甘肃-定西市 , 1975-07-03 , 男 , -1
	621122981230921 , 24922339.00 , [621122]甘肃-陇西县 , 1998-12-30 , 男 , -1
	621123080920281 , 24922341.00 , [621123]甘肃-渭源县 , 1908-09-20 , 男 , -1
	621123180609649 , 24922343.00 , [621123]甘肃-渭源县 , 1918-06-09 , 男 , -1
	621126320828836 , 24922406.00 , [621126]甘肃-岷县 , 1932-08-28 , 女 , -1
	621126420518464 , 24922408.00 , [621126]甘肃-岷县 , 1942-05-18 , 女 , -1
	621126520208100 , 24922410.00 , [621126]甘肃-岷县 , 1952-02-08 , 女 , -1
	621200890905604 , 24923902.00 , [621200]甘肃-陇南市 , 1989-09-05 , 女 , -1
	621200990601216 , 24923904.00 , [621200]甘肃-陇南市 , 1999-06-01 , 女 , -1
	621223821107044 , 24924362.00 , [621223]甘肃-宕昌县 , 1982-11-07 , 女 , -1
	621223920804496 , 24924364.00 , [621223]甘肃-宕昌县 , 1992-08-04 , 女 , -1
	621224020501956 , 24924366.00 , [621224]甘肃-康县 , 1902-05-01 , 女 , -1
	621227111127184 , 24924428.00 , [621227]甘肃-徽县 , 1911-11-27 , 女 , -1
	621227210824900 , 24924430.00 , [621227]甘肃-徽县 , 1921-08-24 , 女 , -1
	621227310522624 , 24924432.00 , [621227]甘肃-徽县 , 1931-05-22 , 女 , -1
	621227410220356 , 24924434.00 , [621227]甘肃-徽县 , 1941-02-20 , 女 , -1
	622921331225664 , 24958392.00 , [622921]甘肃-临夏县 , 1933-12-25 , 女 , -1
	622921580809609 , 24958397.00 , [622921]甘肃-临夏县 , 1958-08-09 , 男 , -1
	622921630726404 , 24958398.00 , [622921]甘肃-临夏县 , 1963-07-26 , 女 , -1
	622921880310409 , 24958403.00 , [622921]甘肃-临夏县 , 1988-03-10 , 男 , -1
	622921930227216 , 24958404.00 , [622921]甘肃-临夏县 , 1993-02-27 , 女 , -1
	622927471005225 , 24958515.00 , [622927]甘肃-积石山保安族东乡族撒拉族自治县 , 1947-10-05 , 男 , -1
	622927520922256 , 24958516.00 , [622927]甘肃-积石山保安族东乡族撒拉族自治县 , 1952-09-22 , 女 , -1
	622927770507441 , 24958521.00 , [622927]甘肃-积石山保安族东乡族撒拉族自治县 , 1977-05-07 , 男 , -1
	622927820424484 , 24958522.00 , [622927]甘肃-积石山保安族东乡族撒拉族自治县 , 1982-04-24 , 女 , -1
	623000901120196 , 24959986.00 , [623000]甘肃-甘南藏族自治州 , 1990-11-20 , 女 , -1
	623001150720081 , 24959991.00 , [623001]甘肃-合作市 , 1915-07-20 , 男 , -1
	623001400320016 , 24959996.00 , [623001]甘肃-合作市 , 1940-03-20 , 女 , -1
	623026011119121 , 24960489.00 , [623026]甘肃-碌曲县 , 1901-11-19 , 男 , -1
	623026210803049 , 24960493.00 , [623026]甘肃-碌曲县 , 1921-08-03 , 男 , -1
	623026260724036 , 24960494.00 , [623026]甘肃-碌曲县 , 1926-07-24 , 女 , -1
	623026460408004 , 24960498.00 , [623026]甘肃-碌曲县 , 1946-04-08 , 女 , -1
	623026510329001 , 24960499.00 , [623026]甘肃-碌曲县 , 1951-03-29 , 男 , -1
	632100151126404 , 25141602.00 , [632100]青海-海东地区 , 1915-11-26 , 女 , -1
	632121370816576 , 25142024.00 , [632121]青海-平安县 , 1937-08-16 , 女 , -1
	632126751221161 , 25142131.00 , [632126]青海-互助土族自治县 , 1975-12-21 , 男 , -1
	632128360318569 , 25142163.00 , [632128]青海-循化撒拉族自治县 , 1936-03-18 , 男 , -1
	632128410602896 , 25142164.00 , [632128]青海-循化撒拉族自治县 , 1941-06-02 , 女 , -1
	632221490320225 , 25144015.00 , [632221]青海-门源回族自治县 , 1949-03-20 , 男 , -1
	632221540608256 , 25144016.00 , [632221]青海-门源回族自治县 , 1954-06-08 , 女 , -1
	632223200114401 , 25144049.00 , [632223]青海-海晏县 , 1920-01-14 , 男 , -1
	632223250402500 , 25144050.00 , [632223]青海-海晏县 , 1925-04-02 , 女 , -1
	632323780310401 , 25146049.00 , [632323]青海-泽库县 , 1978-03-10 , 男 , -1
	632323830602500 , 25146050.00 , [632323]青海-泽库县 , 1983-06-02 , 女 , -1
	632524210201156 , 25150034.00 , [632524]青海-兴海县 , 1921-02-01 , 女 , -1
	632524260501225 , 25150035.00 , [632524]青海-兴海县 , 1926-05-01 , 男 , -1
	632524310801296 , 25150036.00 , [632524]青海-兴海县 , 1931-08-01 , 女 , -1
	632524361101369 , 25150037.00 , [632524]青海-兴海县 , 1936-11-01 , 男 , -1
	632525870104489 , 25150067.00 , [632525]青海-贵南县 , 1987-01-04 , 男 , -1
	632525920404624 , 25150068.00 , [632525]青海-贵南县 , 1992-04-04 , 女 , -1
	632525970704761 , 25150069.00 , [632525]青海-贵南县 , 1997-07-04 , 男 , -1
	632600920130481 , 25151559.00 , [632600]青海-果洛藏族自治州 , 1992-01-30 , 男 , -1
	632625770114809 , 25152053.00 , [632625]青海-久治县 , 1977-01-14 , 男 , -1
	632625820418916 , 25152054.00 , [632625]青海-久治县 , 1982-04-18 , 女 , -1
	632625870723025 , 25152055.00 , [632625]青海-久治县 , 1987-07-23 , 男 , -1
	632625921027136 , 25152056.00 , [632625]青海-久治县 , 1992-10-27 , 女 , -1
	632721200602500 , 25153950.00 , [632721]青海-玉树县 , 1920-06-02 , 女 , -1
	632721250910401 , 25153951.00 , [632721]青海-玉树县 , 1925-09-10 , 男 , -1
	632721301218304 , 25153952.00 , [632721]青海-玉树县 , 1930-12-18 , 女 , -1
	632724420312196 , 25154014.00 , [632724]青海-治多县 , 1942-03-12 , 女 , -1
	632724470620225 , 25154015.00 , [632724]青海-治多县 , 1947-06-20 , 男 , -1
	632724520928256 , 25154016.00 , [632724]青海-治多县 , 1952-09-28 , 女 , -1
	632800790203024 , 25155532.00 , [632800]青海-海西蒙古族藏族自治州 , 1979-02-03 , 女 , -1
	632800840514089 , 25155533.00 , [632800]青海-海西蒙古族藏族自治州 , 1984-05-14 , 男 , -1
	632800890825156 , 25155534.00 , [632800]青海-海西蒙古族藏族自治州 , 1989-08-25 , 女 , -1
	632821820402500 , 25155950.00 , [632821]青海-乌兰县 , 1982-04-02 , 女 , -1
	632821870714401 , 25155951.00 , [632821]青海-乌兰县 , 1987-07-14 , 男 , -1
	632821921026304 , 25155952.00 , [632821]青海-乌兰县 , 1992-10-26 , 女 , -1
	632823531008256 , 25155984.00 , [632823]青海-天峻县 , 1953-10-08 , 女 , -1
	640106090901124 , 25300318.00 , [640106]宁夏-金凤区 , 1909-09-01 , 女 , -1
	640106900511556 , 25300334.00 , [640106]宁夏-金凤区 , 1990-05-11 , 女 , -1
	640106951112225 , 25300335.00 , [640106]宁夏-金凤区 , 1995-11-12 , 男 , -1
	640122080801956 , 25300634.00 , [640122]宁夏-贺兰县 , 1908-08-01 , 女 , -1
	640122890422500 , 25300650.00 , [640122]宁夏-贺兰县 , 1989-04-22 , 女 , -1
	640122941023801 , 25300651.00 , [640122]宁夏-贺兰县 , 1994-10-23 , 男 , -1
	640200970609249 , 25302193.00 , [640200]宁夏-石嘴山市 , 1997-06-09 , 男 , -1
	640201021213636 , 25302194.00 , [640201]宁夏-市辖区 , 1902-12-13 , 女 , -1
	640221010102921 , 25302589.00 , [640221]宁夏-平罗县 , 1901-01-02 , 男 , -1
	640221060708100 , 25302590.00 , [640221]宁夏-平罗县 , 1906-07-08 , 女 , -1
	640301120605584 , 25304172.00 , [640301]宁夏-市辖区 , 1912-06-05 , 女 , -1
	640301171213929 , 25304173.00 , [640301]宁夏-市辖区 , 1917-12-13 , 男 , -1
	640323590907456 , 25304616.00 , [640323]宁夏-盐池县 , 1959-09-07 , 女 , -1
	640381641012169 , 25305763.00 , [640381]宁夏-青铜峡市 , 1964-10-12 , 男 , -1
	640423801107216 , 25306596.00 , [640423]宁夏-隆德县 , 1980-11-07 , 女 , -1
	640424560305321 , 25306611.00 , [640424]宁夏-泾源县 , 1956-03-05 , 男 , -1
	640424610918544 , 25306612.00 , [640424]宁夏-泾源县 , 1961-09-18 , 女 , -1
	640425370117129 , 25306627.00 , [640425]宁夏-彭阳县 , 1937-01-17 , 男 , -1
	640425420730384 , 25306628.00 , [640425]宁夏-彭阳县 , 1942-07-30 , 女 , -1
	640501191015625 , 25308125.00 , [640501]宁夏-市辖区 , 1919-10-15 , 男 , -1
	640502760120336 , 25308156.00 , [640502]宁夏-沙坡头区 , 1976-01-20 , 女 , -1
	650101190514724 , 25497082.00 , [650101]新疆-市辖区 , 1919-05-14 , 女 , -1
	650103740225424 , 25497132.00 , [650103]新疆-沙依巴克区 , 1974-02-25 , 女 , -1
	650103791219689 , 25497133.00 , [650103]新疆-沙依巴克区 , 1979-12-19 , 男 , -1
	650104760111104 , 25497152.00 , [650104]新疆-新市区 , 1976-01-11 , 女 , -1
	650104811105409 , 25497153.00 , [650104]新疆-新市区 , 1981-11-05 , 男 , -1
	650107360823209 , 25497203.00 , [650107]新疆-达坂城区 , 1936-08-23 , 男 , -1
	650109400601049 , 25497243.00 , [650109]新疆-米东区 , 1940-06-01 , 男 , -1
	650121690330256 , 25497484.00 , [650121]新疆-乌鲁木齐县 , 1969-03-30 , 女 , -1
	650201040921600 , 25499040.00 , [650201]新疆-市辖区 , 1904-09-21 , 女 , -1
	650201550902500 , 25499050.00 , [650201]新疆-市辖区 , 1955-09-02 , 女 , -1
	650203590828100 , 25499090.00 , [650203]新疆-克拉玛依区 , 1959-08-28 , 女 , -1
	652100881222756 , 25536266.00 , [652100]新疆-吐鲁番地区 , 1988-12-22 , 女 , -1
	652101800528656 , 25536284.00 , [652101]新疆-吐鲁番市 , 1980-05-28 , 女 , -1
	652123200110209 , 25536703.00 , [652123]新疆-托克逊县 , 1920-01-10 , 男 , -1
	652201651221121 , 25538239.00 , [652201]新疆-哈密市 , 1965-12-21 , 男 , -1
	652300590110976 , 25540176.00 , [652300]新疆-昌吉回族自治州 , 1959-01-10 , 女 , -1
	652301100914596 , 25540186.00 , [652301]新疆-昌吉市 , 1910-09-14 , 女 , -1
	652324240528321 , 25540639.00 , [652324]新疆-玛纳斯县 , 1924-05-28 , 男 , -1
	652325670804889 , 25540667.00 , [652325]新疆-奇台县 , 1967-08-04 , 男 , -1
	652327560815616 , 25540704.00 , [652327]新疆-吉木萨尔县 , 1956-08-15 , 女 , -1
	652700150712009 , 25547997.00 , [652700]新疆-博尔塔拉蒙古自治州 , 1915-07-12 , 男 , -1
	652701530304576 , 25548024.00 , [652701]新疆-博乐市 , 1953-03-04 , 女 , -1
	652722990821136 , 25548444.00 , [652722]新疆-精河县 , 1999-08-21 , 女 , -1
	652800200502025 , 25549955.00 , [652800]新疆-巴音郭楞蒙古自治州 , 1920-05-02 , 男 , -1
	652800660401296 , 25549964.00 , [652800]新疆-巴音郭楞蒙古自治州 , 1966-04-01 , 女 , -1
	652825750707025 , 25550455.00 , [652825]新疆-且末县 , 1975-07-07 , 男 , -1
	652826210615296 , 25550464.00 , [652826]新疆-焉耆回族自治县 , 1921-06-15 , 女 , -1
	652826670523729 , 25550473.00 , [652826]新疆-焉耆回族自治县 , 1967-05-23 , 男 , -1
	652900820101776 , 25551924.00 , [652900]新疆-阿克苏地区 , 1982-01-01 , 女 , -1
	652900871205625 , 25551925.00 , [652900]新疆-阿克苏地区 , 1987-12-05 , 男 , -1
	652922590522500 , 25552350.00 , [652922]新疆-温宿县 , 1959-05-22 , 女 , -1
	652923510407424 , 25552368.00 , [652923]新疆-库车县 , 1951-04-07 , 女 , -1
	652925810122569 , 25552413.00 , [652925]新疆-新和县 , 1981-01-22 , 男 , -1
	652925861227396 , 25552414.00 , [652925]新疆-新和县 , 1986-12-27 , 女 , -1
	652926781114624 , 25552432.00 , [652926]新疆-拜城县 , 1978-11-14 , 女 , -1
	652927701002500 , 25552450.00 , [652927]新疆-乌什县 , 1970-10-02 , 女 , -1
	653001140808769 , 25553887.00 , [653001]新疆-阿图什市 , 1914-08-08 , 男 , -1
	653022350707204 , 25554302.00 , [653022]新疆-阿克陶县 , 1935-07-07 , 女 , -1
	653024190618244 , 25554338.00 , [653024]新疆-乌恰县 , 1919-06-18 , 女 , -1
	653100140318976 , 25555824.00 , [653100]新疆-喀什地区 , 1914-03-18 , 女 , -1
	653100600323889 , 25555833.00 , [653100]新疆-喀什地区 , 1960-03-23 , 男 , -1
	653101060328964 , 25555842.00 , [653101]新疆-喀什市 , 1906-03-28 , 女 , -1
	653121300712644 , 25556238.00 , [653121]新疆-疏附县 , 1930-07-12 , 女 , -1
	653121760725009 , 25556247.00 , [653121]新疆-疏附县 , 1976-07-25 , 男 , -1
	653124520802601 , 25556301.00 , [653124]新疆-泽普县 , 1952-08-02 , 男 , -1
	653124980816100 , 25556310.00 , [653124]新疆-泽普县 , 1998-08-16 , 女 , -1
	653125440829761 , 25556319.00 , [653125]新疆-莎车县 , 1944-08-29 , 男 , -1
	653128200915129 , 25556373.00 , [653128]新疆-岳普湖县 , 1920-09-15 , 男 , -1
	653128660929924 , 25556382.00 , [653128]新疆-岳普湖县 , 1966-09-29 , 女 , -1
	653130961006329 , 25556427.00 , [653130]新疆-巴楚县 , 1996-10-06 , 男 , -1
	653131421022096 , 25556436.00 , [653131]新疆-塔什库尔干塔吉克自治县 , 1942-10-22 , 女 , -1
	653224040829504 , 25558248.00 , [653224]新疆-洛浦县 , 1904-08-29 , 女 , -1
	653224960926756 , 25558266.00 , [653224]新疆-洛浦县 , 1996-09-26 , 女 , -1
	653225881024656 , 25558284.00 , [653225]新疆-策勒县 , 1988-10-24 , 女 , -1
	653226801123204 , 25558302.00 , [653226]新疆-于田县 , 1980-11-23 , 女 , -1
	653227670105761 , 25558319.00 , [653227]新疆-民丰县 , 1967-01-05 , 男 , -1
	653227721222400 , 25558320.00 , [653227]新疆-民丰县 , 1972-12-22 , 女 , -1
	654000270818041 , 25573429.00 , [654000]新疆-伊犁哈萨克自治州 , 1927-08-18 , 男 , -1
	654003851103001 , 25573499.00 , [654003]新疆-奎屯市 , 1985-11-03 , 男 , -1
	654022110708736 , 25573856.00 , [654022]新疆-察布查尔锡伯自治县 , 1911-07-08 , 女 , -1
	654022980220129 , 25573873.00 , [654022]新疆-察布查尔锡伯自治县 , 1998-02-20 , 男 , -1
	654025230722889 , 25573917.00 , [654025]新疆-新源县 , 1923-07-22 , 男 , -1
	654027481229521 , 25573961.00 , [654027]新疆-特克斯县 , 1948-12-29 , 男 , -1
	654027890412961 , 25573969.00 , [654027]新疆-特克斯县 , 1989-04-12 , 男 , -1
	654200270320921 , 25577339.00 , [654200]新疆-塔城地区 , 1927-03-20 , 男 , -1
	654200730713104 , 25577348.00 , [654200]新疆-塔城地区 , 1973-07-13 , 女 , -1
	654201191105449 , 25577357.00 , [654201]新疆-塔城市 , 1919-11-05 , 男 , -1
	654202521128689 , 25577383.00 , [654202]新疆-乌苏市 , 1952-11-28 , 男 , -1
	654223290128521 , 25577789.00 , [654223]新疆-沙湾县 , 1929-01-28 , 男 , -1
	654223750528804 , 25577798.00 , [654223]新疆-沙湾县 , 1975-05-28 , 女 , -1
	654224210929249 , 25577807.00 , [654224]新疆-托里县 , 1921-09-29 , 男 , -1
	654225950221281 , 25577841.00 , [654225]新疆-裕民县 , 1995-02-21 , 男 , -1
	654226410622500 , 25577850.00 , [654226]新疆-和布克赛尔蒙古自治县 , 1941-06-22 , 女 , -1
	654226871023881 , 25577859.00 , [654226]新疆-和布克赛尔蒙古自治县 , 1987-10-23 , 男 , -1
	654300690807204 , 25579302.00 , [654300]新疆-阿勒泰地区 , 1969-08-07 , 女 , -1
	654301560503761 , 25579319.00 , [654301]新疆-阿勒泰市 , 1956-05-03 , 男 , -1
	654321000930601 , 25579699.00 , [654321]新疆-布尔津县 , 1900-09-30 , 男 , -1
	654321410205849 , 25579707.00 , [654321]新疆-布尔津县 , 1941-02-05 , 男 , -1
	654323661222001 , 25579751.00 , [654323]新疆-福海县 , 1966-12-22 , 男 , -1
	654324940210176 , 25579776.00 , [654324]新疆-哈巴河县 , 1994-02-10 , 女 , -1
	659001011130225 , 25671015.00 , [659001]新疆-石河子市 , 1901-11-30 , 男 , -1
	659001370524484 , 25671022.00 , [659001]新疆-石河子市 , 1937-05-24 , 女 , -1
	659003680918489 , 25671067.00 , [659003]新疆-图木舒克市 , 1968-09-18 , 男 , -1
	659004040313476 , 25671074.00 , [659004]新疆-五家渠市 , 1904-03-13 , 女 , -1
	810000231013009 , 28460503.00 , [810000]香港-香港特别行政区 , 1923-10-13 , 男 , -1
	810000800223169 , 28460513.00 , [810000]香港-香港特别行政区 , 1980-02-23 , 男 , -1
	820000450922500 , 28635650.00 , [820000]澳门-澳门特别行政区 , 1945-09-22 , 女 , -1
	110000205607258521 , 331662789.00 , [110000]北京-北京市 , 2056-07-25 , 女 , 1
	110113208910274816 , 331833104.00 , [110113]北京-顺义区 , 2089-10-27 , 男 , 6
	120111198806031876 , 346570626.00 , [120111]天津-西青区 , 1988-06-03 , 男 , 6
	120112199704084900 , 346572070.00 , [120112]天津-津南区 , 1997-04-08 , 女 , 0
	120225204607084096 , 346735064.00 , [120225]天津-蓟县 , 2046-07-08 , 男 , 6
	130123200903076096 , 360725936.00 , [130123]河北-正定县 , 2009-03-07 , 男 , 6
	130185204811273161 , 360811869.00 , [130185]河北-鹿泉市 , 2048-11-27 , 女 , 1
	130229205206174244 , 360872838.00 , [130229]河北-玉田县 , 2052-06-17 , 女 , 4
	130301199902130625 , 360972575.00 , [130301]河北-市辖区 , 1999-02-13 , 女 , 5
	130321190608069696 , 361000264.00 , [130321]河北-青龙满族自治县 , 1906-08-06 , 男 , 6
	130323202109302500 , 361003050.00 , [130323]河北-抚宁县 , 2021-09-30 , 女 , 0
	130433202002147641 , 361155371.00 , [130433]河北-馆陶县 , 2020-02-14 , 女 , 1
	130633191102115321 , 361432139.00 , [130633]河北-易县 , 1911-02-11 , 女 , 1
	130701203409173796 , 361526214.00 , [130701]河北-市辖区 , 2034-09-17 , 男 , 6
	130705195412110225 , 361531735.00 , [130705]河北-宣化区 , 1954-12-11 , 女 , 5
	130728204304238025 , 361563555.00 , [130728]河北-怀安县 , 2043-04-23 , 女 , 5
	130922200111129441 , 361831729.00 , [130922]河北-青县 , 2001-11-12 , 女 , 1
	130923190808277604 , 361833098.00 , [130923]河北-东光县 , 1908-08-27 , 女 , 4
	130983207704136529 , 361916023.00 , [130983]河北-黄骅市 , 2077-04-13 , 女 , 9
	131100200008243456 , 362077616.00 , [131100]河北-衡水市 , 2000-08-24 , 男 , 6
	131122208009296036 , 362108006.00 , [131122]河北-武邑县 , 2080-09-29 , 男 , 6
	140211202105266769 , 374447863.00 , [140211]山西-南郊区 , 2021-05-26 , 女 , 9
	140303201807076100 , 374570690.00 , [140303]山西-矿区 , 2018-07-07 , 女 , 0
	140400200911221904 , 374700148.00 , [140400]山西-长治市 , 2009-11-22 , 女 , 4
	140400202410022500 , 374700150.00 , [140400]山西-长治市 , 2024-10-02 , 女 , 0
	140423192704103929 , 374730827.00 , [140423]山西-襄垣县 , 1927-04-10 , 女 , 9
	140430210001236100 , 374740190.00 , [140430]山西-沁县 , 2100-01-23 , 女 , 0
	140581192912195396 , 374941586.00 , [140581]山西-高平市 , 1929-12-19 , 男 , 6
	140624196001149184 , 374998928.00 , [140624]山西-怀仁县 , 1960-01-14 , 女 , 4
	140900198507029504 , 375366752.00 , [140900]山西-忻州市 , 1985-07-02 , 女 , 4
	140926191601087876 , 375401374.00 , [140926]山西-静乐县 , 1916-01-08 , 男 , 6
	140926199109115456 , 375401384.00 , [140926]山西-静乐县 , 1991-09-11 , 男 , 6
	150402196904162841 , 387817221.00 , [150402]内蒙古-红山区 , 1969-04-16 , 女 , 1
	150502199006084641 , 387946129.00 , [150502]内蒙古-科尔沁区 , 1990-06-08 , 女 , 1
	150721206709237264 , 388228292.00 , [150721]内蒙古-阿荣旗 , 2067-09-23 , 女 , 4
	150783207707178225 , 388308135.00 , [150783]内蒙古-扎兰屯市 , 2077-07-17 , 女 , 5
	152525199409294009 , 390544747.00 , [152525]内蒙古-东乌珠穆沁旗 , 1994-09-29 , 女 , 9
	152529194708219044 , 390549862.00 , [152529]内蒙古-正镶白旗 , 1947-08-21 , 女 , 4
	152921199006165604 , 391051402.00 , [152921]内蒙古-阿拉善左旗 , 1990-06-16 , 女 , 4
	210204208412105625 , 458480325.00 , [210204]辽宁-沙河口区 , 2084-12-10 , 女 , 5
	210304195602137316 , 458589354.00 , [210304]辽宁-立山区 , 1956-02-13 , 男 , 6
	210401202103131664 , 458695108.00 , [210401]辽宁-市辖区 , 2021-03-13 , 女 , 4
	210604206201162921 , 458916339.00 , [210604]辽宁-振安区 , 2062-01-16 , 女 , 1
	210727197210203041 , 459050321.00 , [210727]辽宁-义县 , 1972-10-20 , 女 , 1
	211281199408302409 , 459653347.00 , [211281]辽宁-调兵山市 , 1994-08-30 , 女 , 9
	211303209103034944 , 459677288.00 , [211303]辽宁-龙城区 , 2091-03-03 , 女 , 4
	211421199907083321 , 459805611.00 , [211421]辽宁-绥中县 , 1999-07-08 , 女 , 1
	220284199604158096 , 469344436.00 , [220284]吉林-磐石市 , 1996-04-15 , 男 , 6
	220502205807237376 , 469576624.00 , [220502]吉林-东昌区 , 2058-07-23 , 男 , 6
	220521208104278449 , 469596857.00 , [220521]吉林-通化县 , 2081-04-27 , 女 , 9
	220681203405152400 , 469767180.00 , [220681]吉林-临江市 , 2034-05-15 , 女 , 0
	230109207012030025 , 479696995.00 , [230109]黑龙江-松北区 , 2070-12-03 , 女 , 5
	230225201806237456 , 479817884.00 , [230225]黑龙江-甘南县 , 2018-06-23 , 男 , 6
	230302193102183449 , 479898107.00 , [230302]黑龙江-鸡冠区 , 1931-02-18 , 女 , 9
	230403192011055625 , 480003325.00 , [230403]黑龙江-工农区 , 1920-11-05 , 女 , 5
	230405191709246464 , 480005408.00 , [230405]黑龙江-兴安区 , 1917-09-24 , 女 , 4
	230502206212241209 , 480106453.00 , [230502]黑龙江-尖山区 , 2062-12-24 , 女 , 9
	230521190012245729 , 480126223.00 , [230521]黑龙江-集贤县 , 1900-12-24 , 女 , 9
	230604192101298409 , 480212653.00 , [230604]黑龙江-让胡路区 , 1921-01-29 , 女 , 9
	230605191905125636 , 480213694.00 , [230605]黑龙江-红岗区 , 1919-05-12 , 男 , 6
	230622208111050921 , 480231411.00 , [230622]黑龙江-肇源县 , 2081-11-05 , 女 , 1
	230811202508141025 , 480428145.00 , [230811]黑龙江-郊区 , 2025-08-14 , 女 , 5
	232723193104249929 , 482413923.00 , [232723]黑龙江-漠河县 , 1931-04-24 , 女 , 9
	310118200111100329 , 556882573.00 , [310118]上海-青浦区 , 2001-11-10 , 女 , 9
	320107198502108224 , 565780168.00 , [320107]江苏-下关区 , 1985-02-10 , 女 , 4
	320202198908189689 , 565864117.00 , [320202]江苏-崇安区 , 1989-08-18 , 女 , 9
	320324202909048100 , 565971910.00 , [320324]江苏-睢宁县 , 2029-09-04 , 女 , 0
	320405205401293156 , 566043466.00 , [320405]江苏-戚墅堰区 , 2054-01-29 , 男 , 6
	320506198909063561 , 566132669.00 , [320506]江苏-吴中区 , 1989-09-06 , 女 , 1
	320724199308179241 , 566325171.00 , [320724]江苏-灌南县 , 1993-08-17 , 女 , 1
	330122204301264400 , 574562620.00 , [330122]浙江-桐庐县 , 2043-01-26 , 女 , 0
	330182199408239929 , 574614827.00 , [330182]浙江-建德市 , 1994-08-23 , 女 , 9
	330381195512233849 , 574787957.00 , [330381]浙江-瑞安市 , 1955-12-23 , 女 , 9
	330483194908315684 , 574876678.00 , [330483]浙江-桐乡市 , 1949-08-31 , 女 , 4
	330901192206173689 , 575240117.00 , [330901]浙江-市辖区 , 1922-06-17 , 女 , 9
	331081204712212969 , 575396563.00 , [331081]浙江-温岭市 , 2047-12-21 , 女 , 9
	340101197303077681 , 583181959.00 , [340101]安徽-市辖区 , 1973-03-07 , 女 , 1
	340203198809054025 , 583269405.00 , [340203]安徽-弋江区 , 1988-09-05 , 女 , 5
	340321198607302500 , 583370550.00 , [340321]安徽-怀远县 , 1986-07-30 , 女 , 0
	340703190601183881 , 583697859.00 , [340703]安徽-狮子山区 , 1906-01-18 , 女 , 1
	340824194905059009 , 583801503.00 , [340824]安徽-潜山县 , 1949-05-05 , 女 , 9
	341282202006125956 , 584193634.00 , [341282]安徽-界首市 , 2020-06-12 , 男 , 6
	341302196910298009 , 584210747.00 , [341302]安徽-埇桥区 , 1969-10-29 , 女 , 9
	341702191103304256 , 584552984.00 , [341702]安徽-贵池区 , 1911-03-30 , 男 , 6
	341721205707285504 , 584569248.00 , [341721]安徽-东至县 , 2057-07-28 , 女 , 4
	350102205005311201 , 591694351.00 , [350102]福建-鼓楼区 , 2050-05-31 , 女 , 1
	350125206909308944 , 591713788.00 , [350125]福建-永泰县 , 2069-09-30 , 女 , 4
	350623204508264704 , 592134448.00 , [350623]福建-漳浦县 , 2045-08-26 , 女 , 4
	360101192310031041 , 600084321.00 , [360101]江西-市辖区 , 1923-10-03 , 女 , 1
	360101199511042929 , 600084327.00 , [360101]江西-市辖区 , 1995-11-04 , 女 , 9
	360201203305181316 , 600167646.00 , [360201]江西-市辖区 , 2033-05-18 , 男 , 6
	360321190409224801 , 600267599.00 , [360321]江西-莲花县 , 1904-09-22 , 女 , 1
	360323209712256961 , 600269281.00 , [360323]江西-芦溪县 , 2097-12-25 , 女 , 1
	360701192706225849 , 600584043.00 , [360701]江西-市辖区 , 1927-06-22 , 女 , 9
	360730208706023601 , 600608199.00 , [360730]江西-宁都县 , 2087-06-02 , 女 , 1
	360923190704181889 , 600768833.00 , [360923]江西-上高县 , 1907-04-18 , 女 , 9
	361022206601025225 , 600851235.00 , [361022]江西-黎川县 , 2066-01-02 , 女 , 5
	361126198605070756 , 600937766.00 , [361126]江西-弋阳县 , 1986-05-07 , 男 , 6
	370100202011283769 , 608358613.00 , [370100]山东-济南市 , 2020-11-28 , 女 , 9
	370205193902230404 , 608444898.00 , [370205]山东-四方区 , 1939-02-23 , 女 , 4
	371101208101069824 , 609180768.00 , [371101]山东-市辖区 , 2081-01-06 , 女 , 4
	371424200202122596 , 609445814.00 , [371424]山东-临邑县 , 2002-02-12 , 男 , 6
	371481194104190041 , 609492571.00 , [371481]山东-乐陵市 , 1941-04-19 , 女 , 1
	371601208007094289 , 609591017.00 , [371601]山东-市辖区 , 2080-07-09 , 女 , 9
	371722204603204009 , 609690253.00 , [371722]山东-单县 , 2046-03-20 , 女 , 9
	410181199306117801 , 640453901.00 , [410181]河南-巩义市 , 1993-06-11 , 女 , 1
	410202203901149401 , 640470299.00 , [410202]河南-龙亭区 , 2039-01-14 , 女 , 1
	410204193204309904 , 640471852.00 , [410204]河南-鼓楼区 , 1932-04-30 , 女 , 4
	410325197507016100 , 640566310.00 , [410325]河南-嵩县 , 1975-07-01 , 女 , 0
	410621198911209225 , 640797315.00 , [410621]河南-浚县 , 1989-11-20 , 女 , 5
	411023200203249921 , 641110911.00 , [411023]河南-许昌县 , 2002-03-24 , 女 , 1
	411282198510262641 , 641312871.00 , [411282]河南-灵宝市 , 1985-10-26 , 女 , 1
	411322195601154916 , 641344054.00 , [411322]河南-方城县 , 1956-01-15 , 男 , 6
	411329206804230400 , 641349520.00 , [411329]河南-新野县 , 2068-04-23 , 女 , 0
	411602205311283856 , 641562316.00 , [411602]河南-川汇区 , 2053-11-28 , 男 , 6
	411622206901033216 , 641577904.00 , [411622]河南-西华县 , 2069-01-03 , 男 , 6
	411625192810013361 , 641580231.00 , [411625]河南-郸城县 , 1928-10-01 , 女 , 1
	420111208004178769 , 648159863.00 , [420111]湖北-洪山区 , 2080-04-17 , 女 , 9
	420112194504069376 , 648160624.00 , [420112]湖北-东西湖区 , 1945-04-06 , 男 , 6
	420902191110141504 , 648769752.00 , [420902]湖北-孝南区 , 1911-10-14 , 女 , 4
	420922199407069584 , 648785172.00 , [420922]湖北-大悟县 , 1994-07-06 , 女 , 4
	421201190806021609 , 649000147.00 , [421201]湖北-市辖区 , 1908-06-02 , 女 , 9
	429000208608155625 , 654981075.00 , [429000]湖北-省直辖县级行政单位 , 2086-08-15 , 女 , 5
	429004192212301456 , 654984116.00 , [429004]湖北-仙桃市 , 1922-12-30 , 男 , 6
	429004204002015625 , 654984125.00 , [429004]湖北-仙桃市 , 2040-02-01 , 女 , 5
	430624193610262129 , 656219623.00 , [430624]湖南-湘阴县 , 1936-10-26 , 女 , 9
	431022196111159249 , 656522807.00 , [431022]湖南-宜章县 , 1961-11-15 , 女 , 9
	431101197807186841 , 656582971.00 , [431101]湖南-市辖区 , 1978-07-18 , 女 , 1
	431102205006052644 , 656583738.00 , [431102]湖南-零陵区 , 2050-06-05 , 女 , 4
	431127201511289529 , 656602773.00 , [431127]湖南-蓝山县 , 2015-11-28 , 女 , 9
	433101198603228516 , 658104246.00 , [433101]湖南-吉首市 , 1986-03-22 , 男 , 6
	440203205103084544 , 663478112.00 , [440203]广东-武江区 , 2051-03-08 , 女 , 4
	440305192903261156 , 663554966.00 , [440305]广东-南山区 , 1929-03-26 , 男 , 6
	440511201708212041 , 663710179.00 , [440511]广东-金平区 , 2017-08-21 , 女 , 1
	440700192209041444 , 663852538.00 , [440700]广东-江门市 , 1922-09-04 , 女 , 4
	440981204612120649 , 664064157.00 , [440981]广东-高州市 , 2046-12-12 , 女 , 9
	441402207503107041 , 664381071.00 , [441402]广东-梅江区 , 2075-03-10 , 女 , 1
	441423198208209424 , 664396868.00 , [441423]广东-丰顺县 , 1982-08-20 , 女 , 4
	441600190011122704 , 664530052.00 , [441600]广东-河源市 , 1900-11-12 , 女 , 4
	445200205902163009 , 667233247.00 , [445200]广东-揭阳市 , 2059-02-16 , 女 , 9
	445302197010128241 , 667309671.00 , [445302]广东-云城区 , 1970-10-12 , 女 , 1
	450122195210269156 , 670911466.00 , [450122]广西-武鸣县 , 1952-10-26 , 男 , 6
	450122204603029729 , 670911473.00 , [450122]广西-武鸣县 , 2046-03-02 , 女 , 9
	450301200106150449 , 671044857.00 , [450301]广西-市辖区 , 2001-06-15 , 女 , 9
	450303202506229801 , 671046349.00 , [450303]广西-叠彩区 , 2025-06-22 , 女 , 1
	450502201808273664 , 671194608.00 , [450502]广西-海城区 , 2018-08-27 , 女 , 4
	450902197701025225 , 671492515.00 , [450902]广西-玉州区 , 1977-01-02 , 女 , 5
	451026200004164964 , 671584842.00 , [451026]广西-那坡县 , 2000-04-16 , 女 , 4
	451221202304220049 , 671730007.00 , [451221]广西-南丹县 , 2023-04-22 , 女 , 9
	460000194907192164 , 678233142.00 , [460000]海南-海南省 , 1949-07-19 , 女 , 4
	469026195702136384 , 684854872.00 , [469026]海南-昌江黎族自治县 , 1957-02-13 , 女 , 4
	500100203201127424 , 707177632.00 , [500100]重庆-市辖区 , 2032-01-12 , 女 , 4
	500115198308038756 , 707188234.00 , [500115]重庆-长寿区 , 1983-08-03 , 男 , 6
	500229199304106561 , 707268831.00 , [500229]重庆-城口县 , 1993-04-10 , 女 , 1
	500231193804198081 , 707270241.00 , [500231]重庆-垫江县 , 1938-04-19 , 女 , 1
	510115200810015025 , 714223495.00 , [510115]四川-温江区 , 2008-10-01 , 女 , 5
	510681197001226689 , 714619617.00 , [510681]四川-广汉市 , 1970-01-22 , 女 , 9
	510812206612125625 , 714711275.00 , [510812]四川-朝天区 , 2066-12-12 , 女 , 5
	510903207704254225 , 714774935.00 , [510903]四川-船山区 , 2077-04-25 , 女 , 5
	511529209102140804 , 715212702.00 , [511529]四川-屏山县 , 2091-02-14 , 女 , 4
	513231196603236721 , 716401561.00 , [513231]四川-阿坝县 , 1966-03-23 , 女 , 1
	513330196610246409 , 716470653.00 , [513330]四川-德格县 , 1966-10-24 , 女 , 9
	513423203012229136 , 716535556.00 , [513423]四川-盐源县 , 2030-12-22 , 男 , 6
	520300208211097924 , 721318382.00 , [520300]贵州-遵义市 , 2082-11-09 , 女 , 4
	520321206001045969 , 721332937.00 , [520321]贵州-遵义县 , 2060-01-04 , 女 , 9
	522600199701068241 , 722910921.00 , [522600]贵州-黔东南苗族侗族自治州 , 1997-01-06 , 女 , 1
	522627205110300801 , 722929599.00 , [522627]贵州-天柱县 , 2051-10-30 , 女 , 1
	522631208702087424 , 722932368.00 , [522631]贵州-黎平县 , 2087-02-08 , 女 , 4
	530426196407071449 , 728303643.00 , [530426]云南-峨山彝族自治县 , 1964-07-07 , 女 , 9
	530523203604176644 , 728370238.00 , [530523]云南-龙陵县 , 2036-04-17 , 女 , 4
	530821191109104289 , 728574767.00 , [530821]云南-宁洱哈尼族彝族自治县 , 1911-09-10 , 女 , 9
	532301203305062500 , 729589750.00 , [532301]云南-楚雄市 , 2033-05-06 , 女 , 0
	532529192407176484 , 729745978.00 , [532529]云南-红河县 , 1924-07-17 , 女 , 4
	533325195901133584 , 730291172.00 , [533325]云南-兰坪白族普米族自治县 , 1959-01-13 , 女 , 4
	540125206309052100 , 734932110.00 , [540125]西藏-堆龙德庆县 , 2063-09-05 , 女 , 0
	540127196507039296 , 734933464.00 , [540127]西藏-墨竹工卡县 , 1965-07-03 , 男 , 6
	542100195307113444 , 736274538.00 , [542100]西藏-昌都地区 , 1953-07-11 , 女 , 4
	610100204009304996 , 781089114.00 , [610100]陕西-西安市 , 2040-09-30 , 男 , 6
	610116193008223801 , 781099349.00 , [610116]陕西-长安区 , 1930-08-22 , 女 , 1
	610429200906297969 , 781299687.00 , [610429]陕西-旬邑县 , 2009-06-29 , 女 , 9
	610623209906107225 , 781423835.00 , [610623]陕西-子长县 , 2099-06-10 , 女 , 5
	620302209112172889 , 787592667.00 , [620302]甘肃-金川区 , 2091-12-17 , 女 , 9
	620400195810026641 , 787654871.00 , [620400]甘肃-白银市 , 1958-10-02 , 女 , 1
	622921208807294929 , 789253577.00 , [622921]甘肃-临夏县 , 2088-07-29 , 女 , 9
	640221190308085824 , 800138232.00 , [640221]宁夏-平罗县 , 1903-08-08 , 女 , 4
	640422197606268900 , 800263830.00 , [640422]宁夏-西吉县 , 1976-06-26 , 女 , 0
	650101206510177444 , 806288538.00 , [650101]新疆-市辖区 , 2065-10-17 , 女 , 4
	650203193109168400 , 806351780.00 , [650203]新疆-克拉玛依区 , 1931-09-16 , 女 , 0
	652929205612041801 , 808040349.00 , [652929]新疆-柯坪县 , 2056-12-04 , 女 , 1
	654026192902261881 , 808718859.00 , [654026]新疆-昭苏县 , 1929-02-26 , 女 , 1
	820000208611199641 , 905538629.00 , [820000]澳门-澳门特别行政区 , 2086-11-19 , 女 , 1
